2026-06-05 00:00:39 [INFO] apscheduler.executors.default: Running job "Архивация выполненных задач (trigger: interval[0:05:00], next run at: 2026-06-05 00:05:39 MSK)" (scheduled at 2026-06-05 00:00:39.158219+03:00)
2026-06-05 00:00:39 [INFO] apscheduler.executors.default: Job "Архивация выполненных задач (trigger: interval[0:05:00], next run at: 2026-06-05 00:05:39 MSK)" executed successfully
2026-06-05 00:05:39 [INFO] apscheduler.executors.default: Running job "Очистка старых загруженных файлов (trigger: interval[0:30:00], next run at: 2026-06-05 00:35:39 MSK)" (scheduled at 2026-06-05 00:05:39.157544+03:00)
2026-06-05 00:05:39 [INFO] apscheduler.executors.default: Running job "Архивация выполненных задач (trigger: interval[0:05:00], next run at: 2026-06-05 00:10:39 MSK)" (scheduled at 2026-06-05 00:05:39.158219+03:00)
2026-06-05 00:05:39 [INFO] apscheduler.executors.default: Job "Архивация выполненных задач (trigger: interval[0:05:00], next run at: 2026-06-05 00:10:39 MSK)" executed successfully
2026-06-05 00:05:39 [INFO] apscheduler.executors.default: Job "Очистка старых загруженных файлов (trigger: interval[0:30:00], next run at: 2026-06-05 00:35:39 MSK)" executed successfully
2026-06-05 00:10:39 [INFO] apscheduler.executors.default: Running job "Архивация выполненных задач (trigger: interval[0:05:00], next run at: 2026-06-05 00:15:39 MSK)" (scheduled at 2026-06-05 00:10:39.158219+03:00)
2026-06-05 00:10:39 [INFO] apscheduler.executors.default: Job "Архивация выполненных задач (trigger: interval[0:05:00], next run at: 2026-06-05 00:15:39 MSK)" executed successfully
2026-06-05 00:15:39 [INFO] apscheduler.executors.default: Running job "Архивация выполненных задач (trigger: interval[0:05:00], next run at: 2026-06-05 00:20:39 MSK)" (scheduled at 2026-06-05 00:15:39.158219+03:00)
2026-06-05 00:15:39 [INFO] apscheduler.executors.default: Job "Архивация выполненных задач (trigger: interval[0:05:00], next run at: 2026-06-05 00:20:39 MSK)" executed successfully
2026-06-05 00:20:39 [INFO] apscheduler.executors.default: Running job "Архивация выполненных задач (trigger: interval[0:05:00], next run at: 2026-06-05 00:25:39 MSK)" (scheduled at 2026-06-05 00:20:39.158219+03:00)
2026-06-05 00:20:39 [INFO] apscheduler.executors.default: Job "Архивация выполненных задач (trigger: interval[0:05:00], next run at: 2026-06-05 00:25:39 MSK)" executed successfully
2026-06-05 00:25:39 [INFO] apscheduler.executors.default: Running job "Архивация выполненных задач (trigger: interval[0:05:00], next run at: 2026-06-05 00:30:39 MSK)" (scheduled at 2026-06-05 00:25:39.158219+03:00)
2026-06-05 00:25:39 [INFO] apscheduler.executors.default: Job "Архивация выполненных задач (trigger: interval[0:05:00], next run at: 2026-06-05 00:30:39 MSK)" executed successfully
2026-06-05 00:30:39 [INFO] apscheduler.executors.default: Running job "Архивация выполненных задач (trigger: interval[0:05:00], next run at: 2026-06-05 00:35:39 MSK)" (scheduled at 2026-06-05 00:30:39.158219+03:00)
2026-06-05 00:30:39 [INFO] apscheduler.executors.default: Job "Архивация выполненных задач (trigger: interval[0:05:00], next run at: 2026-06-05 00:35:39 MSK)" executed successfully
2026-06-05 00:35:39 [INFO] apscheduler.executors.default: Running job "Архивация выполненных задач (trigger: interval[0:05:00], next run at: 2026-06-05 00:40:39 MSK)" (scheduled at 2026-06-05 00:35:39.158219+03:00)
2026-06-05 00:35:39 [INFO] apscheduler.executors.default: Running job "Очистка старых загруженных файлов (trigger: interval[0:30:00], next run at: 2026-06-05 01:05:39 MSK)" (scheduled at 2026-06-05 00:35:39.157544+03:00)
2026-06-05 00:35:39 [INFO] apscheduler.executors.default: Job "Очистка старых загруженных файлов (trigger: interval[0:30:00], next run at: 2026-06-05 01:05:39 MSK)" executed successfully
2026-06-05 00:35:39 [INFO] apscheduler.executors.default: Job "Архивация выполненных задач (trigger: interval[0:05:00], next run at: 2026-06-05 00:40:39 MSK)" executed successfully
2026-06-05 00:40:39 [INFO] apscheduler.executors.default: Running job "Архивация выполненных задач (trigger: interval[0:05:00], next run at: 2026-06-05 00:45:39 MSK)" (scheduled at 2026-06-05 00:40:39.158219+03:00)
2026-06-05 00:40:39 [INFO] apscheduler.executors.default: Job "Архивация выполненных задач (trigger: interval[0:05:00], next run at: 2026-06-05 00:45:39 MSK)" executed successfully
2026-06-05 00:45:39 [INFO] apscheduler.executors.default: Running job "Архивация выполненных задач (trigger: interval[0:05:00], next run at: 2026-06-05 00:50:39 MSK)" (scheduled at 2026-06-05 00:45:39.158219+03:00)
2026-06-05 00:45:39 [INFO] apscheduler.executors.default: Job "Архивация выполненных задач (trigger: interval[0:05:00], next run at: 2026-06-05 00:50:39 MSK)" executed successfully
2026-06-05 00:50:39 [INFO] apscheduler.executors.default: Running job "Архивация выполненных задач (trigger: interval[0:05:00], next run at: 2026-06-05 00:55:39 MSK)" (scheduled at 2026-06-05 00:50:39.158219+03:00)
2026-06-05 00:50:39 [INFO] apscheduler.executors.default: Job "Архивация выполненных задач (trigger: interval[0:05:00], next run at: 2026-06-05 00:55:39 MSK)" executed successfully
2026-06-05 00:55:39 [INFO] apscheduler.executors.default: Running job "Архивация выполненных задач (trigger: interval[0:05:00], next run at: 2026-06-05 01:00:39 MSK)" (scheduled at 2026-06-05 00:55:39.158219+03:00)
2026-06-05 00:55:39 [INFO] apscheduler.executors.default: Job "Архивация выполненных задач (trigger: interval[0:05:00], next run at: 2026-06-05 01:00:39 MSK)" executed successfully
2026-06-05 01:00:39 [INFO] apscheduler.executors.default: Running job "Архивация выполненных задач (trigger: interval[0:05:00], next run at: 2026-06-05 01:05:39 MSK)" (scheduled at 2026-06-05 01:00:39.158219+03:00)
2026-06-05 01:00:39 [INFO] apscheduler.executors.default: Job "Архивация выполненных задач (trigger: interval[0:05:00], next run at: 2026-06-05 01:05:39 MSK)" executed successfully
2026-06-05 01:05:39 [INFO] apscheduler.executors.default: Running job "Архивация выполненных задач (trigger: interval[0:05:00], next run at: 2026-06-05 01:10:39 MSK)" (scheduled at 2026-06-05 01:05:39.158219+03:00)
2026-06-05 01:05:39 [INFO] apscheduler.executors.default: Running job "Очистка старых загруженных файлов (trigger: interval[0:30:00], next run at: 2026-06-05 01:35:39 MSK)" (scheduled at 2026-06-05 01:05:39.157544+03:00)
2026-06-05 01:05:39 [INFO] apscheduler.executors.default: Job "Очистка старых загруженных файлов (trigger: interval[0:30:00], next run at: 2026-06-05 01:35:39 MSK)" executed successfully
2026-06-05 01:05:39 [INFO] apscheduler.executors.default: Job "Архивация выполненных задач (trigger: interval[0:05:00], next run at: 2026-06-05 01:10:39 MSK)" executed successfully
2026-06-05 01:10:39 [INFO] apscheduler.executors.default: Running job "Архивация выполненных задач (trigger: interval[0:05:00], next run at: 2026-06-05 01:15:39 MSK)" (scheduled at 2026-06-05 01:10:39.158219+03:00)
2026-06-05 01:10:39 [INFO] apscheduler.executors.default: Job "Архивация выполненных задач (trigger: interval[0:05:00], next run at: 2026-06-05 01:15:39 MSK)" executed successfully
2026-06-05 01:15:39 [INFO] apscheduler.executors.default: Running job "Архивация выполненных задач (trigger: interval[0:05:00], next run at: 2026-06-05 01:20:39 MSK)" (scheduled at 2026-06-05 01:15:39.158219+03:00)
2026-06-05 01:15:39 [INFO] apscheduler.executors.default: Job "Архивация выполненных задач (trigger: interval[0:05:00], next run at: 2026-06-05 01:20:39 MSK)" executed successfully
2026-06-05 01:20:39 [INFO] apscheduler.executors.default: Running job "Архивация выполненных задач (trigger: interval[0:05:00], next run at: 2026-06-05 01:25:39 MSK)" (scheduled at 2026-06-05 01:20:39.158219+03:00)
2026-06-05 01:20:39 [INFO] apscheduler.executors.default: Job "Архивация выполненных задач (trigger: interval[0:05:00], next run at: 2026-06-05 01:25:39 MSK)" executed successfully
2026-06-05 01:25:39 [INFO] apscheduler.executors.default: Running job "Архивация выполненных задач (trigger: interval[0:05:00], next run at: 2026-06-05 01:30:39 MSK)" (scheduled at 2026-06-05 01:25:39.158219+03:00)
2026-06-05 01:25:39 [INFO] apscheduler.executors.default: Job "Архивация выполненных задач (trigger: interval[0:05:00], next run at: 2026-06-05 01:30:39 MSK)" executed successfully
2026-06-05 01:30:39 [INFO] apscheduler.executors.default: Running job "Архивация выполненных задач (trigger: interval[0:05:00], next run at: 2026-06-05 01:35:39 MSK)" (scheduled at 2026-06-05 01:30:39.158219+03:00)
2026-06-05 01:30:39 [INFO] apscheduler.executors.default: Job "Архивация выполненных задач (trigger: interval[0:05:00], next run at: 2026-06-05 01:35:39 MSK)" executed successfully
2026-06-05 01:35:39 [INFO] apscheduler.executors.default: Running job "Архивация выполненных задач (trigger: interval[0:05:00], next run at: 2026-06-05 01:40:39 MSK)" (scheduled at 2026-06-05 01:35:39.158219+03:00)
2026-06-05 01:35:39 [INFO] apscheduler.executors.default: Running job "Очистка старых загруженных файлов (trigger: interval[0:30:00], next run at: 2026-06-05 02:05:39 MSK)" (scheduled at 2026-06-05 01:35:39.157544+03:00)
2026-06-05 01:35:39 [INFO] apscheduler.executors.default: Job "Очистка старых загруженных файлов (trigger: interval[0:30:00], next run at: 2026-06-05 02:05:39 MSK)" executed successfully
2026-06-05 01:35:39 [INFO] apscheduler.executors.default: Job "Архивация выполненных задач (trigger: interval[0:05:00], next run at: 2026-06-05 01:40:39 MSK)" executed successfully
2026-06-05 01:40:39 [INFO] apscheduler.executors.default: Running job "Архивация выполненных задач (trigger: interval[0:05:00], next run at: 2026-06-05 01:45:39 MSK)" (scheduled at 2026-06-05 01:40:39.158219+03:00)
2026-06-05 01:40:39 [INFO] apscheduler.executors.default: Job "Архивация выполненных задач (trigger: interval[0:05:00], next run at: 2026-06-05 01:45:39 MSK)" executed successfully
2026-06-05 01:45:39 [INFO] apscheduler.executors.default: Running job "Архивация выполненных задач (trigger: interval[0:05:00], next run at: 2026-06-05 01:50:39 MSK)" (scheduled at 2026-06-05 01:45:39.158219+03:00)
2026-06-05 01:45:39 [INFO] apscheduler.executors.default: Job "Архивация выполненных задач (trigger: interval[0:05:00], next run at: 2026-06-05 01:50:39 MSK)" executed successfully
2026-06-05 01:50:39 [INFO] apscheduler.executors.default: Running job "Архивация выполненных задач (trigger: interval[0:05:00], next run at: 2026-06-05 01:55:39 MSK)" (scheduled at 2026-06-05 01:50:39.158219+03:00)
2026-06-05 01:50:39 [INFO] apscheduler.executors.default: Job "Архивация выполненных задач (trigger: interval[0:05:00], next run at: 2026-06-05 01:55:39 MSK)" executed successfully
2026-06-05 01:55:39 [INFO] apscheduler.executors.default: Running job "Архивация выполненных задач (trigger: interval[0:05:00], next run at: 2026-06-05 02:00:39 MSK)" (scheduled at 2026-06-05 01:55:39.158219+03:00)
2026-06-05 01:55:39 [INFO] apscheduler.executors.default: Job "Архивация выполненных задач (trigger: interval[0:05:00], next run at: 2026-06-05 02:00:39 MSK)" executed successfully
2026-06-05 02:00:39 [INFO] apscheduler.executors.default: Running job "Архивация выполненных задач (trigger: interval[0:05:00], next run at: 2026-06-05 02:05:39 MSK)" (scheduled at 2026-06-05 02:00:39.158219+03:00)
2026-06-05 02:00:39 [INFO] apscheduler.executors.default: Job "Архивация выполненных задач (trigger: interval[0:05:00], next run at: 2026-06-05 02:05:39 MSK)" executed successfully
2026-06-05 02:05:39 [INFO] apscheduler.executors.default: Running job "Очистка старых загруженных файлов (trigger: interval[0:30:00], next run at: 2026-06-05 02:35:39 MSK)" (scheduled at 2026-06-05 02:05:39.157544+03:00)
2026-06-05 02:05:39 [INFO] apscheduler.executors.default: Running job "Архивация выполненных задач (trigger: interval[0:05:00], next run at: 2026-06-05 02:10:39 MSK)" (scheduled at 2026-06-05 02:05:39.158219+03:00)
2026-06-05 02:05:39 [INFO] apscheduler.executors.default: Job "Очистка старых загруженных файлов (trigger: interval[0:30:00], next run at: 2026-06-05 02:35:39 MSK)" executed successfully
2026-06-05 02:05:39 [INFO] apscheduler.executors.default: Job "Архивация выполненных задач (trigger: interval[0:05:00], next run at: 2026-06-05 02:10:39 MSK)" executed successfully
2026-06-05 02:10:39 [INFO] apscheduler.executors.default: Running job "Архивация выполненных задач (trigger: interval[0:05:00], next run at: 2026-06-05 02:15:39 MSK)" (scheduled at 2026-06-05 02:10:39.158219+03:00)
2026-06-05 02:10:39 [INFO] apscheduler.executors.default: Job "Архивация выполненных задач (trigger: interval[0:05:00], next run at: 2026-06-05 02:15:39 MSK)" executed successfully
2026-06-05 02:15:39 [INFO] apscheduler.executors.default: Running job "Архивация выполненных задач (trigger: interval[0:05:00], next run at: 2026-06-05 02:20:39 MSK)" (scheduled at 2026-06-05 02:15:39.158219+03:00)
2026-06-05 02:15:39 [INFO] apscheduler.executors.default: Job "Архивация выполненных задач (trigger: interval[0:05:00], next run at: 2026-06-05 02:20:39 MSK)" executed successfully
2026-06-05 02:20:39 [INFO] apscheduler.executors.default: Running job "Архивация выполненных задач (trigger: interval[0:05:00], next run at: 2026-06-05 02:25:39 MSK)" (scheduled at 2026-06-05 02:20:39.158219+03:00)
2026-06-05 02:20:39 [INFO] apscheduler.executors.default: Job "Архивация выполненных задач (trigger: interval[0:05:00], next run at: 2026-06-05 02:25:39 MSK)" executed successfully
2026-06-05 02:25:39 [INFO] apscheduler.executors.default: Running job "Архивация выполненных задач (trigger: interval[0:05:00], next run at: 2026-06-05 02:30:39 MSK)" (scheduled at 2026-06-05 02:25:39.158219+03:00)
2026-06-05 02:25:39 [INFO] apscheduler.executors.default: Job "Архивация выполненных задач (trigger: interval[0:05:00], next run at: 2026-06-05 02:30:39 MSK)" executed successfully
2026-06-05 02:30:39 [INFO] apscheduler.executors.default: Running job "Архивация выполненных задач (trigger: interval[0:05:00], next run at: 2026-06-05 02:35:39 MSK)" (scheduled at 2026-06-05 02:30:39.158219+03:00)
2026-06-05 02:30:39 [INFO] apscheduler.executors.default: Job "Архивация выполненных задач (trigger: interval[0:05:00], next run at: 2026-06-05 02:35:39 MSK)" executed successfully
2026-06-05 02:35:39 [INFO] apscheduler.executors.default: Running job "Архивация выполненных задач (trigger: interval[0:05:00], next run at: 2026-06-05 02:40:39 MSK)" (scheduled at 2026-06-05 02:35:39.158219+03:00)
2026-06-05 02:35:39 [INFO] apscheduler.executors.default: Running job "Очистка старых загруженных файлов (trigger: interval[0:30:00], next run at: 2026-06-05 03:05:39 MSK)" (scheduled at 2026-06-05 02:35:39.157544+03:00)
2026-06-05 02:35:39 [INFO] apscheduler.executors.default: Job "Очистка старых загруженных файлов (trigger: interval[0:30:00], next run at: 2026-06-05 03:05:39 MSK)" executed successfully
2026-06-05 02:35:39 [INFO] apscheduler.executors.default: Job "Архивация выполненных задач (trigger: interval[0:05:00], next run at: 2026-06-05 02:40:39 MSK)" executed successfully
2026-06-05 02:40:39 [INFO] apscheduler.executors.default: Running job "Архивация выполненных задач (trigger: interval[0:05:00], next run at: 2026-06-05 02:45:39 MSK)" (scheduled at 2026-06-05 02:40:39.158219+03:00)
2026-06-05 02:40:39 [INFO] apscheduler.executors.default: Job "Архивация выполненных задач (trigger: interval[0:05:00], next run at: 2026-06-05 02:45:39 MSK)" executed successfully
2026-06-05 02:45:39 [INFO] apscheduler.executors.default: Running job "Архивация выполненных задач (trigger: interval[0:05:00], next run at: 2026-06-05 02:50:39 MSK)" (scheduled at 2026-06-05 02:45:39.158219+03:00)
2026-06-05 02:45:39 [INFO] apscheduler.executors.default: Job "Архивация выполненных задач (trigger: interval[0:05:00], next run at: 2026-06-05 02:50:39 MSK)" executed successfully
2026-06-05 02:50:39 [INFO] apscheduler.executors.default: Running job "Архивация выполненных задач (trigger: interval[0:05:00], next run at: 2026-06-05 02:55:39 MSK)" (scheduled at 2026-06-05 02:50:39.158219+03:00)
2026-06-05 02:50:39 [INFO] apscheduler.executors.default: Job "Архивация выполненных задач (trigger: interval[0:05:00], next run at: 2026-06-05 02:55:39 MSK)" executed successfully
2026-06-05 02:55:39 [INFO] apscheduler.executors.default: Running job "Архивация выполненных задач (trigger: interval[0:05:00], next run at: 2026-06-05 03:00:39 MSK)" (scheduled at 2026-06-05 02:55:39.158219+03:00)
2026-06-05 02:55:39 [INFO] apscheduler.executors.default: Job "Архивация выполненных задач (trigger: interval[0:05:00], next run at: 2026-06-05 03:00:39 MSK)" executed successfully
2026-06-05 03:00:39 [INFO] apscheduler.executors.default: Running job "Архивация выполненных задач (trigger: interval[0:05:00], next run at: 2026-06-05 03:05:39 MSK)" (scheduled at 2026-06-05 03:00:39.158219+03:00)
2026-06-05 03:00:39 [INFO] apscheduler.executors.default: Job "Архивация выполненных задач (trigger: interval[0:05:00], next run at: 2026-06-05 03:05:39 MSK)" executed successfully
2026-06-05 03:05:39 [INFO] apscheduler.executors.default: Running job "Очистка старых загруженных файлов (trigger: interval[0:30:00], next run at: 2026-06-05 03:35:39 MSK)" (scheduled at 2026-06-05 03:05:39.157544+03:00)
2026-06-05 03:05:39 [INFO] apscheduler.executors.default: Running job "Архивация выполненных задач (trigger: interval[0:05:00], next run at: 2026-06-05 03:10:39 MSK)" (scheduled at 2026-06-05 03:05:39.158219+03:00)
2026-06-05 03:05:39 [INFO] apscheduler.executors.default: Job "Очистка старых загруженных файлов (trigger: interval[0:30:00], next run at: 2026-06-05 03:35:39 MSK)" executed successfully
2026-06-05 03:05:39 [INFO] apscheduler.executors.default: Job "Архивация выполненных задач (trigger: interval[0:05:00], next run at: 2026-06-05 03:10:39 MSK)" executed successfully
2026-06-05 03:10:39 [INFO] apscheduler.executors.default: Running job "Архивация выполненных задач (trigger: interval[0:05:00], next run at: 2026-06-05 03:15:39 MSK)" (scheduled at 2026-06-05 03:10:39.158219+03:00)
2026-06-05 03:10:39 [INFO] apscheduler.executors.default: Job "Архивация выполненных задач (trigger: interval[0:05:00], next run at: 2026-06-05 03:15:39 MSK)" executed successfully
2026-06-05 03:15:39 [INFO] apscheduler.executors.default: Running job "Архивация выполненных задач (trigger: interval[0:05:00], next run at: 2026-06-05 03:20:39 MSK)" (scheduled at 2026-06-05 03:15:39.158219+03:00)
2026-06-05 03:15:39 [INFO] apscheduler.executors.default: Job "Архивация выполненных задач (trigger: interval[0:05:00], next run at: 2026-06-05 03:20:39 MSK)" executed successfully
2026-06-05 03:20:39 [INFO] apscheduler.executors.default: Running job "Архивация выполненных задач (trigger: interval[0:05:00], next run at: 2026-06-05 03:25:39 MSK)" (scheduled at 2026-06-05 03:20:39.158219+03:00)
2026-06-05 03:20:39 [INFO] apscheduler.executors.default: Job "Архивация выполненных задач (trigger: interval[0:05:00], next run at: 2026-06-05 03:25:39 MSK)" executed successfully
2026-06-05 03:25:39 [INFO] apscheduler.executors.default: Running job "Архивация выполненных задач (trigger: interval[0:05:00], next run at: 2026-06-05 03:30:39 MSK)" (scheduled at 2026-06-05 03:25:39.158219+03:00)
2026-06-05 03:25:39 [INFO] apscheduler.executors.default: Job "Архивация выполненных задач (trigger: interval[0:05:00], next run at: 2026-06-05 03:30:39 MSK)" executed successfully
2026-06-05 03:30:39 [INFO] apscheduler.executors.default: Running job "Архивация выполненных задач (trigger: interval[0:05:00], next run at: 2026-06-05 03:35:39 MSK)" (scheduled at 2026-06-05 03:30:39.158219+03:00)
2026-06-05 03:30:39 [INFO] apscheduler.executors.default: Job "Архивация выполненных задач (trigger: interval[0:05:00], next run at: 2026-06-05 03:35:39 MSK)" executed successfully
2026-06-05 03:35:39 [INFO] apscheduler.executors.default: Running job "Очистка старых загруженных файлов (trigger: interval[0:30:00], next run at: 2026-06-05 04:05:39 MSK)" (scheduled at 2026-06-05 03:35:39.157544+03:00)
2026-06-05 03:35:39 [INFO] apscheduler.executors.default: Running job "Архивация выполненных задач (trigger: interval[0:05:00], next run at: 2026-06-05 03:40:39 MSK)" (scheduled at 2026-06-05 03:35:39.158219+03:00)
2026-06-05 03:35:39 [INFO] apscheduler.executors.default: Job "Очистка старых загруженных файлов (trigger: interval[0:30:00], next run at: 2026-06-05 04:05:39 MSK)" executed successfully
2026-06-05 03:35:39 [INFO] apscheduler.executors.default: Job "Архивация выполненных задач (trigger: interval[0:05:00], next run at: 2026-06-05 03:40:39 MSK)" executed successfully
2026-06-05 03:40:39 [INFO] apscheduler.executors.default: Running job "Архивация выполненных задач (trigger: interval[0:05:00], next run at: 2026-06-05 03:45:39 MSK)" (scheduled at 2026-06-05 03:40:39.158219+03:00)
2026-06-05 03:40:39 [INFO] apscheduler.executors.default: Job "Архивация выполненных задач (trigger: interval[0:05:00], next run at: 2026-06-05 03:45:39 MSK)" executed successfully
2026-06-05 03:45:39 [INFO] apscheduler.executors.default: Running job "Архивация выполненных задач (trigger: interval[0:05:00], next run at: 2026-06-05 03:50:39 MSK)" (scheduled at 2026-06-05 03:45:39.158219+03:00)
2026-06-05 03:45:39 [INFO] apscheduler.executors.default: Job "Архивация выполненных задач (trigger: interval[0:05:00], next run at: 2026-06-05 03:50:39 MSK)" executed successfully
2026-06-05 03:50:39 [INFO] apscheduler.executors.default: Running job "Архивация выполненных задач (trigger: interval[0:05:00], next run at: 2026-06-05 03:55:39 MSK)" (scheduled at 2026-06-05 03:50:39.158219+03:00)
2026-06-05 03:50:39 [INFO] apscheduler.executors.default: Job "Архивация выполненных задач (trigger: interval[0:05:00], next run at: 2026-06-05 03:55:39 MSK)" executed successfully
2026-06-05 03:55:39 [INFO] apscheduler.executors.default: Running job "Архивация выполненных задач (trigger: interval[0:05:00], next run at: 2026-06-05 04:00:39 MSK)" (scheduled at 2026-06-05 03:55:39.158219+03:00)
2026-06-05 03:55:39 [INFO] apscheduler.executors.default: Job "Архивация выполненных задач (trigger: interval[0:05:00], next run at: 2026-06-05 04:00:39 MSK)" executed successfully
2026-06-05 04:00:39 [INFO] apscheduler.executors.default: Running job "Архивация выполненных задач (trigger: interval[0:05:00], next run at: 2026-06-05 04:05:39 MSK)" (scheduled at 2026-06-05 04:00:39.158219+03:00)
2026-06-05 04:00:39 [INFO] apscheduler.executors.default: Job "Архивация выполненных задач (trigger: interval[0:05:00], next run at: 2026-06-05 04:05:39 MSK)" executed successfully
2026-06-05 04:05:39 [INFO] apscheduler.executors.default: Running job "Очистка старых загруженных файлов (trigger: interval[0:30:00], next run at: 2026-06-05 04:35:39 MSK)" (scheduled at 2026-06-05 04:05:39.157544+03:00)
2026-06-05 04:05:39 [INFO] apscheduler.executors.default: Running job "Архивация выполненных задач (trigger: interval[0:05:00], next run at: 2026-06-05 04:10:39 MSK)" (scheduled at 2026-06-05 04:05:39.158219+03:00)
2026-06-05 04:05:39 [INFO] apscheduler.executors.default: Job "Очистка старых загруженных файлов (trigger: interval[0:30:00], next run at: 2026-06-05 04:35:39 MSK)" executed successfully
2026-06-05 04:05:39 [INFO] apscheduler.executors.default: Job "Архивация выполненных задач (trigger: interval[0:05:00], next run at: 2026-06-05 04:10:39 MSK)" executed successfully
2026-06-05 04:10:39 [INFO] apscheduler.executors.default: Running job "Архивация выполненных задач (trigger: interval[0:05:00], next run at: 2026-06-05 04:15:39 MSK)" (scheduled at 2026-06-05 04:10:39.158219+03:00)
2026-06-05 04:10:39 [INFO] apscheduler.executors.default: Job "Архивация выполненных задач (trigger: interval[0:05:00], next run at: 2026-06-05 04:15:39 MSK)" executed successfully
2026-06-05 04:15:39 [INFO] apscheduler.executors.default: Running job "Архивация выполненных задач (trigger: interval[0:05:00], next run at: 2026-06-05 04:20:39 MSK)" (scheduled at 2026-06-05 04:15:39.158219+03:00)
2026-06-05 04:15:39 [INFO] apscheduler.executors.default: Job "Архивация выполненных задач (trigger: interval[0:05:00], next run at: 2026-06-05 04:20:39 MSK)" executed successfully
2026-06-05 04:20:39 [INFO] apscheduler.executors.default: Running job "Архивация выполненных задач (trigger: interval[0:05:00], next run at: 2026-06-05 04:25:39 MSK)" (scheduled at 2026-06-05 04:20:39.158219+03:00)
2026-06-05 04:20:39 [INFO] apscheduler.executors.default: Job "Архивация выполненных задач (trigger: interval[0:05:00], next run at: 2026-06-05 04:25:39 MSK)" executed successfully
2026-06-05 04:25:39 [INFO] apscheduler.executors.default: Running job "Архивация выполненных задач (trigger: interval[0:05:00], next run at: 2026-06-05 04:30:39 MSK)" (scheduled at 2026-06-05 04:25:39.158219+03:00)
2026-06-05 04:25:39 [INFO] apscheduler.executors.default: Job "Архивация выполненных задач (trigger: interval[0:05:00], next run at: 2026-06-05 04:30:39 MSK)" executed successfully
2026-06-05 04:30:39 [INFO] apscheduler.executors.default: Running job "Архивация выполненных задач (trigger: interval[0:05:00], next run at: 2026-06-05 04:35:39 MSK)" (scheduled at 2026-06-05 04:30:39.158219+03:00)
2026-06-05 04:30:39 [INFO] apscheduler.executors.default: Job "Архивация выполненных задач (trigger: interval[0:05:00], next run at: 2026-06-05 04:35:39 MSK)" executed successfully
2026-06-05 04:35:39 [INFO] apscheduler.executors.default: Running job "Архивация выполненных задач (trigger: interval[0:05:00], next run at: 2026-06-05 04:40:39 MSK)" (scheduled at 2026-06-05 04:35:39.158219+03:00)
2026-06-05 04:35:39 [INFO] apscheduler.executors.default: Running job "Очистка старых загруженных файлов (trigger: interval[0:30:00], next run at: 2026-06-05 05:05:39 MSK)" (scheduled at 2026-06-05 04:35:39.157544+03:00)
2026-06-05 04:35:39 [INFO] apscheduler.executors.default: Running job "Очистка устаревших файлов сессий (trigger: interval[6:00:00], next run at: 2026-06-05 10:35:39 MSK)" (scheduled at 2026-06-05 04:35:39.158862+03:00)
2026-06-05 04:35:39 [INFO] apscheduler.executors.default: Job "Очистка старых загруженных файлов (trigger: interval[0:30:00], next run at: 2026-06-05 05:05:39 MSK)" executed successfully
2026-06-05 04:35:39 [INFO] apscheduler.executors.default: Job "Архивация выполненных задач (trigger: interval[0:05:00], next run at: 2026-06-05 04:40:39 MSK)" executed successfully
2026-06-05 04:35:39 [INFO] apscheduler.executors.default: Job "Очистка устаревших файлов сессий (trigger: interval[6:00:00], next run at: 2026-06-05 10:35:39 MSK)" executed successfully
2026-06-05 04:35:41 [INFO] src.updater: Проверка обновлений: https://api.github.com/repos/Dgigin/Personal-assistant/releases/latest
2026-06-05 04:35:42 [INFO] src.updater: Текущая версия 1.0.7 актуальна (последняя: 1.0.7)
2026-06-05 04:40:39 [INFO] apscheduler.executors.default: Running job "Архивация выполненных задач (trigger: interval[0:05:00], next run at: 2026-06-05 04:45:39 MSK)" (scheduled at 2026-06-05 04:40:39.158219+03:00)
2026-06-05 04:40:39 [INFO] apscheduler.executors.default: Job "Архивация выполненных задач (trigger: interval[0:05:00], next run at: 2026-06-05 04:45:39 MSK)" executed successfully
2026-06-05 04:45:39 [INFO] apscheduler.executors.default: Running job "Архивация выполненных задач (trigger: interval[0:05:00], next run at: 2026-06-05 04:50:39 MSK)" (scheduled at 2026-06-05 04:45:39.158219+03:00)
2026-06-05 04:45:39 [INFO] apscheduler.executors.default: Job "Архивация выполненных задач (trigger: interval[0:05:00], next run at: 2026-06-05 04:50:39 MSK)" executed successfully
2026-06-05 04:50:39 [INFO] apscheduler.executors.default: Running job "Архивация выполненных задач (trigger: interval[0:05:00], next run at: 2026-06-05 04:55:39 MSK)" (scheduled at 2026-06-05 04:50:39.158219+03:00)
2026-06-05 04:50:39 [INFO] apscheduler.executors.default: Job "Архивация выполненных задач (trigger: interval[0:05:00], next run at: 2026-06-05 04:55:39 MSK)" executed successfully
2026-06-05 04:55:39 [INFO] apscheduler.executors.default: Running job "Архивация выполненных задач (trigger: interval[0:05:00], next run at: 2026-06-05 05:00:39 MSK)" (scheduled at 2026-06-05 04:55:39.158219+03:00)
2026-06-05 04:55:39 [INFO] apscheduler.executors.default: Job "Архивация выполненных задач (trigger: interval[0:05:00], next run at: 2026-06-05 05:00:39 MSK)" executed successfully
2026-06-05 05:00:39 [INFO] apscheduler.executors.default: Running job "Архивация выполненных задач (trigger: interval[0:05:00], next run at: 2026-06-05 05:05:39 MSK)" (scheduled at 2026-06-05 05:00:39.158219+03:00)
2026-06-05 05:00:39 [INFO] apscheduler.executors.default: Job "Архивация выполненных задач (trigger: interval[0:05:00], next run at: 2026-06-05 05:05:39 MSK)" executed successfully
2026-06-05 05:05:39 [INFO] apscheduler.executors.default: Running job "Очистка старых загруженных файлов (trigger: interval[0:30:00], next run at: 2026-06-05 05:35:39 MSK)" (scheduled at 2026-06-05 05:05:39.157544+03:00)
2026-06-05 05:05:39 [INFO] apscheduler.executors.default: Running job "Архивация выполненных задач (trigger: interval[0:05:00], next run at: 2026-06-05 05:10:39 MSK)" (scheduled at 2026-06-05 05:05:39.158219+03:00)
2026-06-05 05:05:39 [INFO] apscheduler.executors.default: Job "Очистка старых загруженных файлов (trigger: interval[0:30:00], next run at: 2026-06-05 05:35:39 MSK)" executed successfully
2026-06-05 05:05:39 [INFO] apscheduler.executors.default: Job "Архивация выполненных задач (trigger: interval[0:05:00], next run at: 2026-06-05 05:10:39 MSK)" executed successfully
2026-06-05 05:10:39 [INFO] apscheduler.executors.default: Running job "Архивация выполненных задач (trigger: interval[0:05:00], next run at: 2026-06-05 05:15:39 MSK)" (scheduled at 2026-06-05 05:10:39.158219+03:00)
2026-06-05 05:10:39 [INFO] apscheduler.executors.default: Job "Архивация выполненных задач (trigger: interval[0:05:00], next run at: 2026-06-05 05:15:39 MSK)" executed successfully
2026-06-05 05:15:39 [INFO] apscheduler.executors.default: Running job "Архивация выполненных задач (trigger: interval[0:05:00], next run at: 2026-06-05 05:20:39 MSK)" (scheduled at 2026-06-05 05:15:39.158219+03:00)
2026-06-05 05:15:39 [INFO] apscheduler.executors.default: Job "Архивация выполненных задач (trigger: interval[0:05:00], next run at: 2026-06-05 05:20:39 MSK)" executed successfully
2026-06-05 05:20:39 [INFO] apscheduler.executors.default: Running job "Архивация выполненных задач (trigger: interval[0:05:00], next run at: 2026-06-05 05:25:39 MSK)" (scheduled at 2026-06-05 05:20:39.158219+03:00)
2026-06-05 05:20:39 [INFO] apscheduler.executors.default: Job "Архивация выполненных задач (trigger: interval[0:05:00], next run at: 2026-06-05 05:25:39 MSK)" executed successfully
2026-06-05 05:25:39 [INFO] apscheduler.executors.default: Running job "Архивация выполненных задач (trigger: interval[0:05:00], next run at: 2026-06-05 05:30:39 MSK)" (scheduled at 2026-06-05 05:25:39.158219+03:00)
2026-06-05 05:25:39 [INFO] apscheduler.executors.default: Job "Архивация выполненных задач (trigger: interval[0:05:00], next run at: 2026-06-05 05:30:39 MSK)" executed successfully
2026-06-05 05:30:39 [INFO] apscheduler.executors.default: Running job "Архивация выполненных задач (trigger: interval[0:05:00], next run at: 2026-06-05 05:35:39 MSK)" (scheduled at 2026-06-05 05:30:39.158219+03:00)
2026-06-05 05:30:39 [INFO] apscheduler.executors.default: Job "Архивация выполненных задач (trigger: interval[0:05:00], next run at: 2026-06-05 05:35:39 MSK)" executed successfully
2026-06-05 05:35:39 [INFO] apscheduler.executors.default: Running job "Архивация выполненных задач (trigger: interval[0:05:00], next run at: 2026-06-05 05:40:39 MSK)" (scheduled at 2026-06-05 05:35:39.158219+03:00)
2026-06-05 05:35:39 [INFO] apscheduler.executors.default: Running job "Очистка старых загруженных файлов (trigger: interval[0:30:00], next run at: 2026-06-05 06:05:39 MSK)" (scheduled at 2026-06-05 05:35:39.157544+03:00)
2026-06-05 05:35:39 [INFO] apscheduler.executors.default: Job "Очистка старых загруженных файлов (trigger: interval[0:30:00], next run at: 2026-06-05 06:05:39 MSK)" executed successfully
2026-06-05 05:35:39 [INFO] apscheduler.executors.default: Job "Архивация выполненных задач (trigger: interval[0:05:00], next run at: 2026-06-05 05:40:39 MSK)" executed successfully
2026-06-05 05:40:39 [INFO] apscheduler.executors.default: Running job "Архивация выполненных задач (trigger: interval[0:05:00], next run at: 2026-06-05 05:45:39 MSK)" (scheduled at 2026-06-05 05:40:39.158219+03:00)
2026-06-05 05:40:39 [INFO] apscheduler.executors.default: Job "Архивация выполненных задач (trigger: interval[0:05:00], next run at: 2026-06-05 05:45:39 MSK)" executed successfully
2026-06-05 05:45:39 [INFO] apscheduler.executors.default: Running job "Архивация выполненных задач (trigger: interval[0:05:00], next run at: 2026-06-05 05:50:39 MSK)" (scheduled at 2026-06-05 05:45:39.158219+03:00)
2026-06-05 05:45:39 [INFO] apscheduler.executors.default: Job "Архивация выполненных задач (trigger: interval[0:05:00], next run at: 2026-06-05 05:50:39 MSK)" executed successfully
2026-06-05 05:50:39 [INFO] apscheduler.executors.default: Running job "Архивация выполненных задач (trigger: interval[0:05:00], next run at: 2026-06-05 05:55:39 MSK)" (scheduled at 2026-06-05 05:50:39.158219+03:00)
2026-06-05 05:50:39 [INFO] apscheduler.executors.default: Job "Архивация выполненных задач (trigger: interval[0:05:00], next run at: 2026-06-05 05:55:39 MSK)" executed successfully
2026-06-05 05:55:39 [INFO] apscheduler.executors.default: Running job "Архивация выполненных задач (trigger: interval[0:05:00], next run at: 2026-06-05 06:00:39 MSK)" (scheduled at 2026-06-05 05:55:39.158219+03:00)
2026-06-05 05:55:39 [INFO] apscheduler.executors.default: Job "Архивация выполненных задач (trigger: interval[0:05:00], next run at: 2026-06-05 06:00:39 MSK)" executed successfully
2026-06-05 06:00:39 [INFO] apscheduler.executors.default: Running job "Архивация выполненных задач (trigger: interval[0:05:00], next run at: 2026-06-05 06:05:39 MSK)" (scheduled at 2026-06-05 06:00:39.158219+03:00)
2026-06-05 06:00:39 [INFO] apscheduler.executors.default: Job "Архивация выполненных задач (trigger: interval[0:05:00], next run at: 2026-06-05 06:05:39 MSK)" executed successfully
2026-06-05 06:05:39 [INFO] apscheduler.executors.default: Running job "Очистка старых загруженных файлов (trigger: interval[0:30:00], next run at: 2026-06-05 06:35:39 MSK)" (scheduled at 2026-06-05 06:05:39.157544+03:00)
2026-06-05 06:05:39 [INFO] apscheduler.executors.default: Running job "Архивация выполненных задач (trigger: interval[0:05:00], next run at: 2026-06-05 06:10:39 MSK)" (scheduled at 2026-06-05 06:05:39.158219+03:00)
2026-06-05 06:05:39 [INFO] apscheduler.executors.default: Job "Очистка старых загруженных файлов (trigger: interval[0:30:00], next run at: 2026-06-05 06:35:39 MSK)" executed successfully
2026-06-05 06:05:39 [INFO] apscheduler.executors.default: Job "Архивация выполненных задач (trigger: interval[0:05:00], next run at: 2026-06-05 06:10:39 MSK)" executed successfully
2026-06-05 06:10:39 [INFO] apscheduler.executors.default: Running job "Архивация выполненных задач (trigger: interval[0:05:00], next run at: 2026-06-05 06:15:39 MSK)" (scheduled at 2026-06-05 06:10:39.158219+03:00)
2026-06-05 06:10:39 [INFO] apscheduler.executors.default: Job "Архивация выполненных задач (trigger: interval[0:05:00], next run at: 2026-06-05 06:15:39 MSK)" executed successfully
2026-06-05 06:15:39 [INFO] apscheduler.executors.default: Running job "Архивация выполненных задач (trigger: interval[0:05:00], next run at: 2026-06-05 06:20:39 MSK)" (scheduled at 2026-06-05 06:15:39.158219+03:00)
2026-06-05 06:15:39 [INFO] apscheduler.executors.default: Job "Архивация выполненных задач (trigger: interval[0:05:00], next run at: 2026-06-05 06:20:39 MSK)" executed successfully
2026-06-05 06:20:39 [INFO] apscheduler.executors.default: Running job "Архивация выполненных задач (trigger: interval[0:05:00], next run at: 2026-06-05 06:25:39 MSK)" (scheduled at 2026-06-05 06:20:39.158219+03:00)
2026-06-05 06:20:39 [INFO] apscheduler.executors.default: Job "Архивация выполненных задач (trigger: interval[0:05:00], next run at: 2026-06-05 06:25:39 MSK)" executed successfully
2026-06-05 06:25:39 [INFO] apscheduler.executors.default: Running job "Архивация выполненных задач (trigger: interval[0:05:00], next run at: 2026-06-05 06:30:39 MSK)" (scheduled at 2026-06-05 06:25:39.158219+03:00)
2026-06-05 06:25:39 [INFO] apscheduler.executors.default: Job "Архивация выполненных задач (trigger: interval[0:05:00], next run at: 2026-06-05 06:30:39 MSK)" executed successfully
2026-06-05 06:30:39 [INFO] apscheduler.executors.default: Running job "Архивация выполненных задач (trigger: interval[0:05:00], next run at: 2026-06-05 06:35:39 MSK)" (scheduled at 2026-06-05 06:30:39.158219+03:00)
2026-06-05 06:30:39 [INFO] apscheduler.executors.default: Job "Архивация выполненных задач (trigger: interval[0:05:00], next run at: 2026-06-05 06:35:39 MSK)" executed successfully
2026-06-05 06:35:39 [INFO] apscheduler.executors.default: Running job "Очистка старых загруженных файлов (trigger: interval[0:30:00], next run at: 2026-06-05 07:05:39 MSK)" (scheduled at 2026-06-05 06:35:39.157544+03:00)
2026-06-05 06:35:39 [INFO] apscheduler.executors.default: Running job "Архивация выполненных задач (trigger: interval[0:05:00], next run at: 2026-06-05 06:40:39 MSK)" (scheduled at 2026-06-05 06:35:39.158219+03:00)
2026-06-05 06:35:39 [INFO] apscheduler.executors.default: Job "Очистка старых загруженных файлов (trigger: interval[0:30:00], next run at: 2026-06-05 07:05:39 MSK)" executed successfully
2026-06-05 06:35:39 [INFO] apscheduler.executors.default: Job "Архивация выполненных задач (trigger: interval[0:05:00], next run at: 2026-06-05 06:40:39 MSK)" executed successfully
2026-06-05 06:40:39 [INFO] apscheduler.executors.default: Running job "Архивация выполненных задач (trigger: interval[0:05:00], next run at: 2026-06-05 06:45:39 MSK)" (scheduled at 2026-06-05 06:40:39.158219+03:00)
2026-06-05 06:40:39 [INFO] apscheduler.executors.default: Job "Архивация выполненных задач (trigger: interval[0:05:00], next run at: 2026-06-05 06:45:39 MSK)" executed successfully
2026-06-05 06:45:39 [INFO] apscheduler.executors.default: Running job "Архивация выполненных задач (trigger: interval[0:05:00], next run at: 2026-06-05 06:50:39 MSK)" (scheduled at 2026-06-05 06:45:39.158219+03:00)
2026-06-05 06:45:39 [INFO] apscheduler.executors.default: Job "Архивация выполненных задач (trigger: interval[0:05:00], next run at: 2026-06-05 06:50:39 MSK)" executed successfully
2026-06-05 06:50:39 [INFO] apscheduler.executors.default: Running job "Архивация выполненных задач (trigger: interval[0:05:00], next run at: 2026-06-05 06:55:39 MSK)" (scheduled at 2026-06-05 06:50:39.158219+03:00)
2026-06-05 06:50:39 [INFO] apscheduler.executors.default: Job "Архивация выполненных задач (trigger: interval[0:05:00], next run at: 2026-06-05 06:55:39 MSK)" executed successfully
2026-06-05 06:55:39 [INFO] apscheduler.executors.default: Running job "Архивация выполненных задач (trigger: interval[0:05:00], next run at: 2026-06-05 07:00:39 MSK)" (scheduled at 2026-06-05 06:55:39.158219+03:00)
2026-06-05 06:55:39 [INFO] apscheduler.executors.default: Job "Архивация выполненных задач (trigger: interval[0:05:00], next run at: 2026-06-05 07:00:39 MSK)" executed successfully
2026-06-05 07:00:39 [INFO] apscheduler.executors.default: Running job "Архивация выполненных задач (trigger: interval[0:05:00], next run at: 2026-06-05 07:05:39 MSK)" (scheduled at 2026-06-05 07:00:39.158219+03:00)
2026-06-05 07:00:39 [INFO] apscheduler.executors.default: Job "Архивация выполненных задач (trigger: interval[0:05:00], next run at: 2026-06-05 07:05:39 MSK)" executed successfully
2026-06-05 07:05:39 [INFO] apscheduler.executors.default: Running job "Архивация выполненных задач (trigger: interval[0:05:00], next run at: 2026-06-05 07:10:39 MSK)" (scheduled at 2026-06-05 07:05:39.158219+03:00)
2026-06-05 07:05:39 [INFO] apscheduler.executors.default: Running job "Очистка старых загруженных файлов (trigger: interval[0:30:00], next run at: 2026-06-05 07:35:39 MSK)" (scheduled at 2026-06-05 07:05:39.157544+03:00)
2026-06-05 07:05:39 [INFO] apscheduler.executors.default: Job "Очистка старых загруженных файлов (trigger: interval[0:30:00], next run at: 2026-06-05 07:35:39 MSK)" executed successfully
2026-06-05 07:05:39 [INFO] apscheduler.executors.default: Job "Архивация выполненных задач (trigger: interval[0:05:00], next run at: 2026-06-05 07:10:39 MSK)" executed successfully
2026-06-05 07:10:39 [INFO] apscheduler.executors.default: Running job "Архивация выполненных задач (trigger: interval[0:05:00], next run at: 2026-06-05 07:15:39 MSK)" (scheduled at 2026-06-05 07:10:39.158219+03:00)
2026-06-05 07:10:39 [INFO] apscheduler.executors.default: Job "Архивация выполненных задач (trigger: interval[0:05:00], next run at: 2026-06-05 07:15:39 MSK)" executed successfully
2026-06-05 07:15:39 [INFO] apscheduler.executors.default: Running job "Архивация выполненных задач (trigger: interval[0:05:00], next run at: 2026-06-05 07:20:39 MSK)" (scheduled at 2026-06-05 07:15:39.158219+03:00)
2026-06-05 07:15:39 [INFO] apscheduler.executors.default: Job "Архивация выполненных задач (trigger: interval[0:05:00], next run at: 2026-06-05 07:20:39 MSK)" executed successfully
2026-06-05 07:20:39 [INFO] apscheduler.executors.default: Running job "Архивация выполненных задач (trigger: interval[0:05:00], next run at: 2026-06-05 07:25:39 MSK)" (scheduled at 2026-06-05 07:20:39.158219+03:00)
2026-06-05 07:20:39 [INFO] apscheduler.executors.default: Job "Архивация выполненных задач (trigger: interval[0:05:00], next run at: 2026-06-05 07:25:39 MSK)" executed successfully
2026-06-05 07:25:39 [INFO] apscheduler.executors.default: Running job "Архивация выполненных задач (trigger: interval[0:05:00], next run at: 2026-06-05 07:30:39 MSK)" (scheduled at 2026-06-05 07:25:39.158219+03:00)
2026-06-05 07:25:39 [INFO] apscheduler.executors.default: Job "Архивация выполненных задач (trigger: interval[0:05:00], next run at: 2026-06-05 07:30:39 MSK)" executed successfully
2026-06-05 07:30:39 [INFO] apscheduler.executors.default: Running job "Архивация выполненных задач (trigger: interval[0:05:00], next run at: 2026-06-05 07:35:39 MSK)" (scheduled at 2026-06-05 07:30:39.158219+03:00)
2026-06-05 07:30:39 [INFO] apscheduler.executors.default: Job "Архивация выполненных задач (trigger: interval[0:05:00], next run at: 2026-06-05 07:35:39 MSK)" executed successfully
2026-06-05 07:35:39 [INFO] apscheduler.executors.default: Running job "Очистка старых загруженных файлов (trigger: interval[0:30:00], next run at: 2026-06-05 08:05:39 MSK)" (scheduled at 2026-06-05 07:35:39.157544+03:00)
2026-06-05 07:35:39 [INFO] apscheduler.executors.default: Running job "Архивация выполненных задач (trigger: interval[0:05:00], next run at: 2026-06-05 07:40:39 MSK)" (scheduled at 2026-06-05 07:35:39.158219+03:00)
2026-06-05 07:35:39 [INFO] apscheduler.executors.default: Job "Очистка старых загруженных файлов (trigger: interval[0:30:00], next run at: 2026-06-05 08:05:39 MSK)" executed successfully
2026-06-05 07:35:39 [INFO] apscheduler.executors.default: Job "Архивация выполненных задач (trigger: interval[0:05:00], next run at: 2026-06-05 07:40:39 MSK)" executed successfully
2026-06-05 07:40:39 [INFO] apscheduler.executors.default: Running job "Архивация выполненных задач (trigger: interval[0:05:00], next run at: 2026-06-05 07:45:39 MSK)" (scheduled at 2026-06-05 07:40:39.158219+03:00)
2026-06-05 07:40:39 [INFO] apscheduler.executors.default: Job "Архивация выполненных задач (trigger: interval[0:05:00], next run at: 2026-06-05 07:45:39 MSK)" executed successfully
2026-06-05 07:45:39 [INFO] apscheduler.executors.default: Running job "Архивация выполненных задач (trigger: interval[0:05:00], next run at: 2026-06-05 07:50:39 MSK)" (scheduled at 2026-06-05 07:45:39.158219+03:00)
2026-06-05 07:45:39 [INFO] apscheduler.executors.default: Job "Архивация выполненных задач (trigger: interval[0:05:00], next run at: 2026-06-05 07:50:39 MSK)" executed successfully
2026-06-05 07:50:39 [INFO] apscheduler.executors.default: Running job "Архивация выполненных задач (trigger: interval[0:05:00], next run at: 2026-06-05 07:55:39 MSK)" (scheduled at 2026-06-05 07:50:39.158219+03:00)
2026-06-05 07:50:39 [INFO] apscheduler.executors.default: Job "Архивация выполненных задач (trigger: interval[0:05:00], next run at: 2026-06-05 07:55:39 MSK)" executed successfully
2026-06-05 07:55:39 [INFO] apscheduler.executors.default: Running job "Архивация выполненных задач (trigger: interval[0:05:00], next run at: 2026-06-05 08:00:39 MSK)" (scheduled at 2026-06-05 07:55:39.158219+03:00)
2026-06-05 07:55:39 [INFO] apscheduler.executors.default: Job "Архивация выполненных задач (trigger: interval[0:05:00], next run at: 2026-06-05 08:00:39 MSK)" executed successfully
2026-06-05 08:00:39 [INFO] apscheduler.executors.default: Running job "Архивация выполненных задач (trigger: interval[0:05:00], next run at: 2026-06-05 08:05:39 MSK)" (scheduled at 2026-06-05 08:00:39.158219+03:00)
2026-06-05 08:00:39 [INFO] apscheduler.executors.default: Job "Архивация выполненных задач (trigger: interval[0:05:00], next run at: 2026-06-05 08:05:39 MSK)" executed successfully
2026-06-05 08:05:39 [INFO] apscheduler.executors.default: Running job "Архивация выполненных задач (trigger: interval[0:05:00], next run at: 2026-06-05 08:10:39 MSK)" (scheduled at 2026-06-05 08:05:39.158219+03:00)
2026-06-05 08:05:39 [INFO] apscheduler.executors.default: Running job "Очистка старых загруженных файлов (trigger: interval[0:30:00], next run at: 2026-06-05 08:35:39 MSK)" (scheduled at 2026-06-05 08:05:39.157544+03:00)
2026-06-05 08:05:39 [INFO] apscheduler.executors.default: Job "Очистка старых загруженных файлов (trigger: interval[0:30:00], next run at: 2026-06-05 08:35:39 MSK)" executed successfully
2026-06-05 08:05:39 [INFO] apscheduler.executors.default: Job "Архивация выполненных задач (trigger: interval[0:05:00], next run at: 2026-06-05 08:10:39 MSK)" executed successfully
2026-06-05 08:10:39 [INFO] apscheduler.executors.default: Running job "Архивация выполненных задач (trigger: interval[0:05:00], next run at: 2026-06-05 08:15:39 MSK)" (scheduled at 2026-06-05 08:10:39.158219+03:00)
2026-06-05 08:10:39 [INFO] apscheduler.executors.default: Job "Архивация выполненных задач (trigger: interval[0:05:00], next run at: 2026-06-05 08:15:39 MSK)" executed successfully
2026-06-05 08:15:39 [INFO] apscheduler.executors.default: Running job "Архивация выполненных задач (trigger: interval[0:05:00], next run at: 2026-06-05 08:20:39 MSK)" (scheduled at 2026-06-05 08:15:39.158219+03:00)
2026-06-05 08:15:39 [INFO] apscheduler.executors.default: Job "Архивация выполненных задач (trigger: interval[0:05:00], next run at: 2026-06-05 08:20:39 MSK)" executed successfully
2026-06-05 08:20:39 [INFO] apscheduler.executors.default: Running job "Архивация выполненных задач (trigger: interval[0:05:00], next run at: 2026-06-05 08:25:39 MSK)" (scheduled at 2026-06-05 08:20:39.158219+03:00)
2026-06-05 08:20:39 [INFO] apscheduler.executors.default: Job "Архивация выполненных задач (trigger: interval[0:05:00], next run at: 2026-06-05 08:25:39 MSK)" executed successfully
2026-06-05 08:23:34 [INFO] src.updater: Проверка обновлений: https://api.github.com/repos/Dgigin/Personal-assistant/releases/latest
2026-06-05 08:23:35 [INFO] src.updater: Текущая версия 1.0.7 актуальна (последняя: 1.0.7)
2026-06-05 08:23:35 [INFO] src.auth: Пользователь Administratorushka вошёл в систему
2026-06-05 08:23:35 [WARNING] waitress.queue: Task queue depth is 1
2026-06-05 08:25:39 [INFO] apscheduler.executors.default: Running job "Архивация выполненных задач (trigger: interval[0:05:00], next run at: 2026-06-05 08:30:39 MSK)" (scheduled at 2026-06-05 08:25:39.158219+03:00)
2026-06-05 08:25:39 [INFO] apscheduler.executors.default: Job "Архивация выполненных задач (trigger: interval[0:05:00], next run at: 2026-06-05 08:30:39 MSK)" executed successfully
2026-06-05 08:30:39 [INFO] apscheduler.executors.default: Running job "Архивация выполненных задач (trigger: interval[0:05:00], next run at: 2026-06-05 08:35:39 MSK)" (scheduled at 2026-06-05 08:30:39.158219+03:00)
2026-06-05 08:30:39 [INFO] apscheduler.executors.default: Job "Архивация выполненных задач (trigger: interval[0:05:00], next run at: 2026-06-05 08:35:39 MSK)" executed successfully
2026-06-05 08:34:57 [INFO] apscheduler.scheduler: Scheduler has been shut down
2026-06-05 09:06:49 [INFO] src.scheduler: Очищены файлы сессий при старте приложения
2026-06-05 09:06:49 [INFO] __main__: Аутентификация включена
2026-06-05 09:06:49 [INFO] apscheduler.scheduler: Adding job tentatively -- it will be properly scheduled when the scheduler starts
2026-06-05 09:06:49 [INFO] src.scheduler: Планировщик очистки uploads запущен: каждые 1800 сек
2026-06-05 09:06:49 [INFO] apscheduler.scheduler: Adding job tentatively -- it will be properly scheduled when the scheduler starts
2026-06-05 09:06:49 [INFO] src.scheduler: Планировщик архивации задач запущен: каждые 300 сек
2026-06-05 09:06:49 [INFO] apscheduler.scheduler: Adding job tentatively -- it will be properly scheduled when the scheduler starts
2026-06-05 09:06:49 [INFO] src.scheduler: Планировщик очистки сессий запущен: каждые 6 часов, удалять старше 7 дней
2026-06-05 09:06:49 [INFO] apscheduler.scheduler: Added job "Очистка старых загруженных файлов" to job store "default"
2026-06-05 09:06:49 [INFO] apscheduler.scheduler: Added job "Архивация выполненных задач" to job store "default"
2026-06-05 09:06:49 [INFO] apscheduler.scheduler: Added job "Очистка устаревших файлов сессий" to job store "default"
2026-06-05 09:06:49 [INFO] apscheduler.scheduler: Scheduler started
2026-06-05 09:06:49 [INFO] __main__: Сервер запущен на http://localhost:5000
2026-06-05 09:11:49 [INFO] apscheduler.executors.default: Running job "Архивация выполненных задач (trigger: interval[0:05:00], next run at: 2026-06-05 09:11:49 MSK)" (scheduled at 2026-06-05 09:11:49.279784+03:00)
2026-06-05 09:11:49 [INFO] apscheduler.executors.default: Job "Архивация выполненных задач (trigger: interval[0:05:00], next run at: 2026-06-05 09:16:49 MSK)" executed successfully
2026-06-05 09:16:49 [INFO] apscheduler.executors.default: Running job "Архивация выполненных задач (trigger: interval[0:05:00], next run at: 2026-06-05 09:21:49 MSK)" (scheduled at 2026-06-05 09:16:49.279784+03:00)
2026-06-05 09:16:49 [INFO] apscheduler.executors.default: Job "Архивация выполненных задач (trigger: interval[0:05:00], next run at: 2026-06-05 09:21:49 MSK)" executed successfully
2026-06-05 09:21:49 [INFO] apscheduler.executors.default: Running job "Архивация выполненных задач (trigger: interval[0:05:00], next run at: 2026-06-05 09:26:49 MSK)" (scheduled at 2026-06-05 09:21:49.279784+03:00)
2026-06-05 09:21:49 [INFO] apscheduler.executors.default: Job "Архивация выполненных задач (trigger: interval[0:05:00], next run at: 2026-06-05 09:26:49 MSK)" executed successfully
2026-06-05 09:26:49 [INFO] apscheduler.executors.default: Running job "Архивация выполненных задач (trigger: interval[0:05:00], next run at: 2026-06-05 09:31:49 MSK)" (scheduled at 2026-06-05 09:26:49.279784+03:00)
2026-06-05 09:26:49 [INFO] apscheduler.executors.default: Job "Архивация выполненных задач (trigger: interval[0:05:00], next run at: 2026-06-05 09:31:49 MSK)" executed successfully
2026-06-05 09:31:49 [INFO] apscheduler.executors.default: Running job "Архивация выполненных задач (trigger: interval[0:05:00], next run at: 2026-06-05 09:36:49 MSK)" (scheduled at 2026-06-05 09:31:49.279784+03:00)
2026-06-05 09:31:49 [INFO] apscheduler.executors.default: Job "Архивация выполненных задач (trigger: interval[0:05:00], next run at: 2026-06-05 09:36:49 MSK)" executed successfully
2026-06-05 09:36:49 [INFO] apscheduler.executors.default: Running job "Очистка старых загруженных файлов (trigger: interval[0:30:00], next run at: 2026-06-05 10:06:49 MSK)" (scheduled at 2026-06-05 09:36:49.279372+03:00)
2026-06-05 09:36:49 [INFO] apscheduler.executors.default: Running job "Архивация выполненных задач (trigger: interval[0:05:00], next run at: 2026-06-05 09:41:49 MSK)" (scheduled at 2026-06-05 09:36:49.279784+03:00)
2026-06-05 09:36:49 [INFO] apscheduler.executors.default: Job "Очистка старых загруженных файлов (trigger: interval[0:30:00], next run at: 2026-06-05 10:06:49 MSK)" executed successfully
2026-06-05 09:36:49 [INFO] apscheduler.executors.default: Job "Архивация выполненных задач (trigger: interval[0:05:00], next run at: 2026-06-05 09:41:49 MSK)" executed successfully
2026-06-05 09:41:49 [INFO] apscheduler.executors.default: Running job "Архивация выполненных задач (trigger: interval[0:05:00], next run at: 2026-06-05 09:46:49 MSK)" (scheduled at 2026-06-05 09:41:49.279784+03:00)
2026-06-05 09:41:49 [INFO] apscheduler.executors.default: Job "Архивация выполненных задач (trigger: interval[0:05:00], next run at: 2026-06-05 09:46:49 MSK)" executed successfully
2026-06-05 09:46:49 [INFO] apscheduler.executors.default: Running job "Архивация выполненных задач (trigger: interval[0:05:00], next run at: 2026-06-05 09:51:49 MSK)" (scheduled at 2026-06-05 09:46:49.279784+03:00)
2026-06-05 09:46:49 [INFO] apscheduler.executors.default: Job "Архивация выполненных задач (trigger: interval[0:05:00], next run at: 2026-06-05 09:51:49 MSK)" executed successfully
2026-06-05 09:51:49 [INFO] apscheduler.executors.default: Running job "Архивация выполненных задач (trigger: interval[0:05:00], next run at: 2026-06-05 09:56:49 MSK)" (scheduled at 2026-06-05 09:51:49.279784+03:00)
2026-06-05 09:51:49 [INFO] apscheduler.executors.default: Job "Архивация выполненных задач (trigger: interval[0:05:00], next run at: 2026-06-05 09:56:49 MSK)" executed successfully
2026-06-05 09:56:49 [INFO] apscheduler.executors.default: Running job "Архивация выполненных задач (trigger: interval[0:05:00], next run at: 2026-06-05 10:01:49 MSK)" (scheduled at 2026-06-05 09:56:49.279784+03:00)
2026-06-05 09:56:49 [INFO] apscheduler.executors.default: Job "Архивация выполненных задач (trigger: interval[0:05:00], next run at: 2026-06-05 10:01:49 MSK)" executed successfully
2026-06-05 10:01:49 [INFO] apscheduler.executors.default: Running job "Архивация выполненных задач (trigger: interval[0:05:00], next run at: 2026-06-05 10:06:49 MSK)" (scheduled at 2026-06-05 10:01:49.279784+03:00)
2026-06-05 10:01:49 [INFO] apscheduler.executors.default: Job "Архивация выполненных задач (trigger: interval[0:05:00], next run at: 2026-06-05 10:06:49 MSK)" executed successfully
2026-06-05 10:06:25 [INFO] src.scheduler: Очищены файлы сессий при старте приложения
2026-06-05 10:06:25 [INFO] app: Аутентификация включена
2026-06-05 10:06:25 [INFO] apscheduler.scheduler: Adding job tentatively -- it will be properly scheduled when the scheduler starts
2026-06-05 10:06:25 [INFO] src.scheduler: Планировщик очистки uploads запущен: каждые 1800 сек
2026-06-05 10:06:25 [INFO] apscheduler.scheduler: Adding job tentatively -- it will be properly scheduled when the scheduler starts
2026-06-05 10:06:25 [INFO] src.scheduler: Планировщик архивации задач запущен: каждые 300 сек
2026-06-05 10:06:25 [INFO] apscheduler.scheduler: Adding job tentatively -- it will be properly scheduled when the scheduler starts
2026-06-05 10:06:25 [INFO] src.scheduler: Планировщик очистки сессий запущен: каждые 6 часов, удалять старше 7 дней
2026-06-05 10:06:25 [INFO] apscheduler.scheduler: Added job "Очистка старых загруженных файлов" to job store "default"
2026-06-05 10:06:25 [INFO] apscheduler.scheduler: Added job "Архивация выполненных задач" to job store "default"
2026-06-05 10:06:25 [INFO] apscheduler.scheduler: Added job "Очистка устаревших файлов сессий" to job store "default"
2026-06-05 10:06:25 [INFO] apscheduler.scheduler: Scheduler started
2026-06-05 10:06:25 [INFO] waitress: Serving on http://0.0.0.0:5000
2026-06-05 10:06:29 [INFO] src.updater: Проверка обновлений: https://api.github.com/repos/Dgigin/Personal-assistant/releases/latest
2026-06-05 10:06:30 [INFO] src.updater: Текущая версия 1.0.7 актуальна (последняя: 1.0.7)
2026-06-05 10:06:34 [INFO] src.updater: Проверка обновлений: https://api.github.com/repos/Dgigin/Personal-assistant/releases/latest
2026-06-05 10:06:34 [INFO] src.updater: Текущая версия 1.0.7 актуальна (последняя: 1.0.7)
2026-06-05 10:06:35 [INFO] src.auth: Пользователь Administratorushka вошёл в систему
2026-06-05 10:06:49 [INFO] apscheduler.executors.default: Running job "Очистка старых загруженных файлов (trigger: interval[0:30:00], next run at: 2026-06-05 10:36:49 MSK)" (scheduled at 2026-06-05 10:06:49.279372+03:00)
2026-06-05 10:06:49 [INFO] apscheduler.executors.default: Running job "Архивация выполненных задач (trigger: interval[0:05:00], next run at: 2026-06-05 10:11:49 MSK)" (scheduled at 2026-06-05 10:06:49.279784+03:00)
2026-06-05 10:06:49 [INFO] apscheduler.executors.default: Job "Очистка старых загруженных файлов (trigger: interval[0:30:00], next run at: 2026-06-05 10:36:49 MSK)" executed successfully
2026-06-05 10:06:49 [INFO] apscheduler.executors.default: Job "Архивация выполненных задач (trigger: interval[0:05:00], next run at: 2026-06-05 10:11:49 MSK)" executed successfully
2026-06-05 10:11:25 [INFO] apscheduler.executors.default: Running job "Архивация выполненных задач (trigger: interval[0:05:00], next run at: 2026-06-05 10:11:25 MSK)" (scheduled at 2026-06-05 10:11:25.497532+03:00)
2026-06-05 10:11:25 [INFO] apscheduler.executors.default: Job "Архивация выполненных задач (trigger: interval[0:05:00], next run at: 2026-06-05 10:16:25 MSK)" executed successfully
2026-06-05 10:11:49 [INFO] apscheduler.executors.default: Running job "Архивация выполненных задач (trigger: interval[0:05:00], next run at: 2026-06-05 10:16:49 MSK)" (scheduled at 2026-06-05 10:11:49.279784+03:00)
2026-06-05 10:11:49 [INFO] apscheduler.executors.default: Job "Архивация выполненных задач (trigger: interval[0:05:00], next run at: 2026-06-05 10:16:49 MSK)" executed successfully
2026-06-05 10:16:25 [INFO] apscheduler.executors.default: Running job "Архивация выполненных задач (trigger: interval[0:05:00], next run at: 2026-06-05 10:21:25 MSK)" (scheduled at 2026-06-05 10:16:25.497532+03:00)
2026-06-05 10:16:25 [INFO] apscheduler.executors.default: Job "Архивация выполненных задач (trigger: interval[0:05:00], next run at: 2026-06-05 10:21:25 MSK)" executed successfully
2026-06-05 10:16:49 [INFO] apscheduler.executors.default: Running job "Архивация выполненных задач (trigger: interval[0:05:00], next run at: 2026-06-05 10:21:49 MSK)" (scheduled at 2026-06-05 10:16:49.279784+03:00)
2026-06-05 10:16:49 [INFO] apscheduler.executors.default: Job "Архивация выполненных задач (trigger: interval[0:05:00], next run at: 2026-06-05 10:21:49 MSK)" executed successfully
2026-06-05 10:19:54 [INFO] src.updater: Проверка обновлений: https://api.github.com/repos/Dgigin/Personal-assistant/releases/latest
2026-06-05 10:19:54 [INFO] src.updater: Текущая версия 1.0.7 актуальна (последняя: 1.0.7)
2026-06-05 10:21:25 [INFO] apscheduler.executors.default: Running job "Архивация выполненных задач (trigger: interval[0:05:00], next run at: 2026-06-05 10:26:25 MSK)" (scheduled at 2026-06-05 10:21:25.497532+03:00)
2026-06-05 10:21:25 [INFO] apscheduler.executors.default: Job "Архивация выполненных задач (trigger: interval[0:05:00], next run at: 2026-06-05 10:26:25 MSK)" executed successfully
2026-06-05 10:21:49 [INFO] apscheduler.executors.default: Running job "Архивация выполненных задач (trigger: interval[0:05:00], next run at: 2026-06-05 10:26:49 MSK)" (scheduled at 2026-06-05 10:21:49.279784+03:00)
2026-06-05 10:21:49 [INFO] apscheduler.executors.default: Job "Архивация выполненных задач (trigger: interval[0:05:00], next run at: 2026-06-05 10:26:49 MSK)" executed successfully
2026-06-05 10:26:25 [INFO] apscheduler.executors.default: Running job "Архивация выполненных задач (trigger: interval[0:05:00], next run at: 2026-06-05 10:31:25 MSK)" (scheduled at 2026-06-05 10:26:25.497532+03:00)
2026-06-05 10:26:25 [INFO] apscheduler.executors.default: Job "Архивация выполненных задач (trigger: interval[0:05:00], next run at: 2026-06-05 10:31:25 MSK)" executed successfully
2026-06-05 10:26:49 [INFO] apscheduler.executors.default: Running job "Архивация выполненных задач (trigger: interval[0:05:00], next run at: 2026-06-05 10:31:49 MSK)" (scheduled at 2026-06-05 10:26:49.279784+03:00)
2026-06-05 10:26:49 [INFO] apscheduler.executors.default: Job "Архивация выполненных задач (trigger: interval[0:05:00], next run at: 2026-06-05 10:31:49 MSK)" executed successfully
2026-06-05 10:31:25 [INFO] apscheduler.executors.default: Running job "Архивация выполненных задач (trigger: interval[0:05:00], next run at: 2026-06-05 10:36:25 MSK)" (scheduled at 2026-06-05 10:31:25.497532+03:00)
2026-06-05 10:31:25 [INFO] apscheduler.executors.default: Job "Архивация выполненных задач (trigger: interval[0:05:00], next run at: 2026-06-05 10:36:25 MSK)" executed successfully
2026-06-05 10:31:49 [INFO] apscheduler.executors.default: Running job "Архивация выполненных задач (trigger: interval[0:05:00], next run at: 2026-06-05 10:36:49 MSK)" (scheduled at 2026-06-05 10:31:49.279784+03:00)
2026-06-05 10:31:49 [INFO] apscheduler.executors.default: Job "Архивация выполненных задач (trigger: interval[0:05:00], next run at: 2026-06-05 10:36:49 MSK)" executed successfully
2026-06-05 10:36:25 [INFO] apscheduler.executors.default: Running job "Очистка старых загруженных файлов (trigger: interval[0:30:00], next run at: 2026-06-05 11:06:25 MSK)" (scheduled at 2026-06-05 10:36:25.496706+03:00)
2026-06-05 10:36:25 [INFO] apscheduler.executors.default: Running job "Архивация выполненных задач (trigger: interval[0:05:00], next run at: 2026-06-05 10:41:25 MSK)" (scheduled at 2026-06-05 10:36:25.497532+03:00)
2026-06-05 10:36:25 [INFO] apscheduler.executors.default: Job "Очистка старых загруженных файлов (trigger: interval[0:30:00], next run at: 2026-06-05 11:06:25 MSK)" executed successfully
2026-06-05 10:36:25 [INFO] apscheduler.executors.default: Job "Архивация выполненных задач (trigger: interval[0:05:00], next run at: 2026-06-05 10:41:25 MSK)" executed successfully
2026-06-05 10:36:49 [INFO] apscheduler.executors.default: Running job "Архивация выполненных задач (trigger: interval[0:05:00], next run at: 2026-06-05 10:41:49 MSK)" (scheduled at 2026-06-05 10:36:49.279784+03:00)
2026-06-05 10:36:49 [INFO] apscheduler.executors.default: Running job "Очистка старых загруженных файлов (trigger: interval[0:30:00], next run at: 2026-06-05 11:06:49 MSK)" (scheduled at 2026-06-05 10:36:49.279372+03:00)
2026-06-05 10:36:49 [INFO] apscheduler.executors.default: Job "Очистка старых загруженных файлов (trigger: interval[0:30:00], next run at: 2026-06-05 11:06:49 MSK)" executed successfully
2026-06-05 10:36:49 [INFO] apscheduler.executors.default: Job "Архивация выполненных задач (trigger: interval[0:05:00], next run at: 2026-06-05 10:41:49 MSK)" executed successfully
2026-06-05 10:41:25 [INFO] apscheduler.executors.default: Running job "Архивация выполненных задач (trigger: interval[0:05:00], next run at: 2026-06-05 10:46:25 MSK)" (scheduled at 2026-06-05 10:41:25.497532+03:00)
2026-06-05 10:41:25 [INFO] apscheduler.executors.default: Job "Архивация выполненных задач (trigger: interval[0:05:00], next run at: 2026-06-05 10:46:25 MSK)" executed successfully
2026-06-05 10:41:49 [INFO] apscheduler.executors.default: Running job "Архивация выполненных задач (trigger: interval[0:05:00], next run at: 2026-06-05 10:46:49 MSK)" (scheduled at 2026-06-05 10:41:49.279784+03:00)
2026-06-05 10:41:49 [INFO] apscheduler.executors.default: Job "Архивация выполненных задач (trigger: interval[0:05:00], next run at: 2026-06-05 10:46:49 MSK)" executed successfully
2026-06-05 10:46:25 [INFO] apscheduler.executors.default: Running job "Архивация выполненных задач (trigger: interval[0:05:00], next run at: 2026-06-05 10:51:25 MSK)" (scheduled at 2026-06-05 10:46:25.497532+03:00)
2026-06-05 10:46:25 [INFO] apscheduler.executors.default: Job "Архивация выполненных задач (trigger: interval[0:05:00], next run at: 2026-06-05 10:51:25 MSK)" executed successfully
2026-06-05 10:46:49 [INFO] apscheduler.executors.default: Running job "Архивация выполненных задач (trigger: interval[0:05:00], next run at: 2026-06-05 10:51:49 MSK)" (scheduled at 2026-06-05 10:46:49.279784+03:00)
2026-06-05 10:46:49 [INFO] apscheduler.executors.default: Job "Архивация выполненных задач (trigger: interval[0:05:00], next run at: 2026-06-05 10:51:49 MSK)" executed successfully
2026-06-05 10:51:25 [INFO] apscheduler.executors.default: Running job "Архивация выполненных задач (trigger: interval[0:05:00], next run at: 2026-06-05 10:56:25 MSK)" (scheduled at 2026-06-05 10:51:25.497532+03:00)
2026-06-05 10:51:25 [INFO] apscheduler.executors.default: Job "Архивация выполненных задач (trigger: interval[0:05:00], next run at: 2026-06-05 10:56:25 MSK)" executed successfully
2026-06-05 10:51:49 [INFO] apscheduler.executors.default: Running job "Архивация выполненных задач (trigger: interval[0:05:00], next run at: 2026-06-05 10:56:49 MSK)" (scheduled at 2026-06-05 10:51:49.279784+03:00)
2026-06-05 10:51:49 [INFO] apscheduler.executors.default: Job "Архивация выполненных задач (trigger: interval[0:05:00], next run at: 2026-06-05 10:56:49 MSK)" executed successfully
2026-06-05 10:55:08 [INFO] __main__: Сессия истекла по таймауту неактивности (keepalive, 2052 сек > 1800 сек)
2026-06-05 10:56:25 [INFO] apscheduler.executors.default: Running job "Архивация выполненных задач (trigger: interval[0:05:00], next run at: 2026-06-05 11:01:25 MSK)" (scheduled at 2026-06-05 10:56:25.497532+03:00)
2026-06-05 10:56:25 [INFO] apscheduler.executors.default: Job "Архивация выполненных задач (trigger: interval[0:05:00], next run at: 2026-06-05 11:01:25 MSK)" executed successfully
2026-06-05 10:56:49 [INFO] apscheduler.executors.default: Running job "Архивация выполненных задач (trigger: interval[0:05:00], next run at: 2026-06-05 11:01:49 MSK)" (scheduled at 2026-06-05 10:56:49.279784+03:00)
2026-06-05 10:56:49 [INFO] apscheduler.executors.default: Job "Архивация выполненных задач (trigger: interval[0:05:00], next run at: 2026-06-05 11:01:49 MSK)" executed successfully
2026-06-05 11:01:25 [INFO] apscheduler.executors.default: Running job "Архивация выполненных задач (trigger: interval[0:05:00], next run at: 2026-06-05 11:06:25 MSK)" (scheduled at 2026-06-05 11:01:25.497532+03:00)
2026-06-05 11:01:25 [INFO] apscheduler.executors.default: Job "Архивация выполненных задач (trigger: interval[0:05:00], next run at: 2026-06-05 11:06:25 MSK)" executed successfully
2026-06-05 11:01:49 [INFO] apscheduler.executors.default: Running job "Архивация выполненных задач (trigger: interval[0:05:00], next run at: 2026-06-05 11:06:49 MSK)" (scheduled at 2026-06-05 11:01:49.279784+03:00)
2026-06-05 11:01:49 [INFO] apscheduler.executors.default: Job "Архивация выполненных задач (trigger: interval[0:05:00], next run at: 2026-06-05 11:06:49 MSK)" executed successfully
2026-06-05 11:06:25 [INFO] apscheduler.executors.default: Running job "Очистка старых загруженных файлов (trigger: interval[0:30:00], next run at: 2026-06-05 11:36:25 MSK)" (scheduled at 2026-06-05 11:06:25.496706+03:00)
2026-06-05 11:06:25 [INFO] apscheduler.executors.default: Running job "Архивация выполненных задач (trigger: interval[0:05:00], next run at: 2026-06-05 11:11:25 MSK)" (scheduled at 2026-06-05 11:06:25.497532+03:00)
2026-06-05 11:06:25 [INFO] apscheduler.executors.default: Job "Очистка старых загруженных файлов (trigger: interval[0:30:00], next run at: 2026-06-05 11:36:25 MSK)" executed successfully
2026-06-05 11:06:25 [INFO] apscheduler.executors.default: Job "Архивация выполненных задач (trigger: interval[0:05:00], next run at: 2026-06-05 11:11:25 MSK)" executed successfully
2026-06-05 11:06:49 [INFO] apscheduler.executors.default: Running job "Очистка старых загруженных файлов (trigger: interval[0:30:00], next run at: 2026-06-05 11:36:49 MSK)" (scheduled at 2026-06-05 11:06:49.279372+03:00)
2026-06-05 11:06:49 [INFO] apscheduler.executors.default: Running job "Архивация выполненных задач (trigger: interval[0:05:00], next run at: 2026-06-05 11:11:49 MSK)" (scheduled at 2026-06-05 11:06:49.279784+03:00)
2026-06-05 11:06:49 [INFO] apscheduler.executors.default: Job "Очистка старых загруженных файлов (trigger: interval[0:30:00], next run at: 2026-06-05 11:36:49 MSK)" executed successfully
2026-06-05 11:06:49 [INFO] apscheduler.executors.default: Job "Архивация выполненных задач (trigger: interval[0:05:00], next run at: 2026-06-05 11:11:49 MSK)" executed successfully
2026-06-05 11:11:25 [INFO] apscheduler.executors.default: Running job "Архивация выполненных задач (trigger: interval[0:05:00], next run at: 2026-06-05 11:16:25 MSK)" (scheduled at 2026-06-05 11:11:25.497532+03:00)
2026-06-05 11:11:25 [INFO] apscheduler.executors.default: Job "Архивация выполненных задач (trigger: interval[0:05:00], next run at: 2026-06-05 11:16:25 MSK)" executed successfully
2026-06-05 11:11:49 [INFO] apscheduler.executors.default: Running job "Архивация выполненных задач (trigger: interval[0:05:00], next run at: 2026-06-05 11:16:49 MSK)" (scheduled at 2026-06-05 11:11:49.279784+03:00)
2026-06-05 11:11:49 [INFO] apscheduler.executors.default: Job "Архивация выполненных задач (trigger: interval[0:05:00], next run at: 2026-06-05 11:16:49 MSK)" executed successfully
2026-06-05 11:16:25 [INFO] apscheduler.executors.default: Running job "Архивация выполненных задач (trigger: interval[0:05:00], next run at: 2026-06-05 11:21:25 MSK)" (scheduled at 2026-06-05 11:16:25.497532+03:00)
2026-06-05 11:16:25 [INFO] apscheduler.executors.default: Job "Архивация выполненных задач (trigger: interval[0:05:00], next run at: 2026-06-05 11:21:25 MSK)" executed successfully
2026-06-05 11:16:49 [INFO] apscheduler.executors.default: Running job "Архивация выполненных задач (trigger: interval[0:05:00], next run at: 2026-06-05 11:21:49 MSK)" (scheduled at 2026-06-05 11:16:49.279784+03:00)
2026-06-05 11:16:49 [INFO] apscheduler.executors.default: Job "Архивация выполненных задач (trigger: interval[0:05:00], next run at: 2026-06-05 11:21:49 MSK)" executed successfully
2026-06-05 11:21:25 [INFO] apscheduler.executors.default: Running job "Архивация выполненных задач (trigger: interval[0:05:00], next run at: 2026-06-05 11:26:25 MSK)" (scheduled at 2026-06-05 11:21:25.497532+03:00)
2026-06-05 11:21:25 [INFO] apscheduler.executors.default: Job "Архивация выполненных задач (trigger: interval[0:05:00], next run at: 2026-06-05 11:26:25 MSK)" executed successfully
2026-06-05 11:21:49 [INFO] apscheduler.executors.default: Running job "Архивация выполненных задач (trigger: interval[0:05:00], next run at: 2026-06-05 11:26:49 MSK)" (scheduled at 2026-06-05 11:21:49.279784+03:00)
2026-06-05 11:21:49 [INFO] apscheduler.executors.default: Job "Архивация выполненных задач (trigger: interval[0:05:00], next run at: 2026-06-05 11:26:49 MSK)" executed successfully
2026-06-05 11:26:25 [INFO] apscheduler.executors.default: Running job "Архивация выполненных задач (trigger: interval[0:05:00], next run at: 2026-06-05 11:31:25 MSK)" (scheduled at 2026-06-05 11:26:25.497532+03:00)
2026-06-05 11:26:25 [INFO] apscheduler.executors.default: Job "Архивация выполненных задач (trigger: interval[0:05:00], next run at: 2026-06-05 11:31:25 MSK)" executed successfully
2026-06-05 11:26:49 [INFO] apscheduler.executors.default: Running job "Архивация выполненных задач (trigger: interval[0:05:00], next run at: 2026-06-05 11:31:49 MSK)" (scheduled at 2026-06-05 11:26:49.279784+03:00)
2026-06-05 11:26:49 [INFO] apscheduler.executors.default: Job "Архивация выполненных задач (trigger: interval[0:05:00], next run at: 2026-06-05 11:31:49 MSK)" executed successfully
2026-06-05 11:31:25 [INFO] apscheduler.executors.default: Running job "Архивация выполненных задач (trigger: interval[0:05:00], next run at: 2026-06-05 11:36:25 MSK)" (scheduled at 2026-06-05 11:31:25.497532+03:00)
2026-06-05 11:31:25 [INFO] apscheduler.executors.default: Job "Архивация выполненных задач (trigger: interval[0:05:00], next run at: 2026-06-05 11:36:25 MSK)" executed successfully
2026-06-05 11:31:49 [INFO] apscheduler.executors.default: Running job "Архивация выполненных задач (trigger: interval[0:05:00], next run at: 2026-06-05 11:36:49 MSK)" (scheduled at 2026-06-05 11:31:49.279784+03:00)
2026-06-05 11:31:49 [INFO] apscheduler.executors.default: Job "Архивация выполненных задач (trigger: interval[0:05:00], next run at: 2026-06-05 11:36:49 MSK)" executed successfully
2026-06-05 11:36:25 [INFO] apscheduler.executors.default: Running job "Очистка старых загруженных файлов (trigger: interval[0:30:00], next run at: 2026-06-05 12:06:25 MSK)" (scheduled at 2026-06-05 11:36:25.496706+03:00)
2026-06-05 11:36:25 [INFO] apscheduler.executors.default: Running job "Архивация выполненных задач (trigger: interval[0:05:00], next run at: 2026-06-05 11:41:25 MSK)" (scheduled at 2026-06-05 11:36:25.497532+03:00)
2026-06-05 11:36:25 [INFO] apscheduler.executors.default: Job "Очистка старых загруженных файлов (trigger: interval[0:30:00], next run at: 2026-06-05 12:06:25 MSK)" executed successfully
2026-06-05 11:36:25 [INFO] apscheduler.executors.default: Job "Архивация выполненных задач (trigger: interval[0:05:00], next run at: 2026-06-05 11:41:25 MSK)" executed successfully
2026-06-05 11:36:49 [INFO] apscheduler.executors.default: Running job "Архивация выполненных задач (trigger: interval[0:05:00], next run at: 2026-06-05 11:41:49 MSK)" (scheduled at 2026-06-05 11:36:49.279784+03:00)
2026-06-05 11:36:49 [INFO] apscheduler.executors.default: Running job "Очистка старых загруженных файлов (trigger: interval[0:30:00], next run at: 2026-06-05 12:06:49 MSK)" (scheduled at 2026-06-05 11:36:49.279372+03:00)
2026-06-05 11:36:49 [INFO] apscheduler.executors.default: Job "Очистка старых загруженных файлов (trigger: interval[0:30:00], next run at: 2026-06-05 12:06:49 MSK)" executed successfully
2026-06-05 11:36:49 [INFO] apscheduler.executors.default: Job "Архивация выполненных задач (trigger: interval[0:05:00], next run at: 2026-06-05 11:41:49 MSK)" executed successfully
2026-06-05 11:41:25 [INFO] apscheduler.executors.default: Running job "Архивация выполненных задач (trigger: interval[0:05:00], next run at: 2026-06-05 11:46:25 MSK)" (scheduled at 2026-06-05 11:41:25.497532+03:00)
2026-06-05 11:41:25 [INFO] apscheduler.executors.default: Job "Архивация выполненных задач (trigger: interval[0:05:00], next run at: 2026-06-05 11:46:25 MSK)" executed successfully
2026-06-05 11:41:49 [INFO] apscheduler.executors.default: Running job "Архивация выполненных задач (trigger: interval[0:05:00], next run at: 2026-06-05 11:46:49 MSK)" (scheduled at 2026-06-05 11:41:49.279784+03:00)
2026-06-05 11:41:49 [INFO] apscheduler.executors.default: Job "Архивация выполненных задач (trigger: interval[0:05:00], next run at: 2026-06-05 11:46:49 MSK)" executed successfully
2026-06-05 11:46:25 [INFO] apscheduler.executors.default: Running job "Архивация выполненных задач (trigger: interval[0:05:00], next run at: 2026-06-05 11:51:25 MSK)" (scheduled at 2026-06-05 11:46:25.497532+03:00)
2026-06-05 11:46:25 [INFO] apscheduler.executors.default: Job "Архивация выполненных задач (trigger: interval[0:05:00], next run at: 2026-06-05 11:51:25 MSK)" executed successfully
2026-06-05 11:46:49 [INFO] apscheduler.executors.default: Running job "Архивация выполненных задач (trigger: interval[0:05:00], next run at: 2026-06-05 11:51:49 MSK)" (scheduled at 2026-06-05 11:46:49.279784+03:00)
2026-06-05 11:46:49 [INFO] apscheduler.executors.default: Job "Архивация выполненных задач (trigger: interval[0:05:00], next run at: 2026-06-05 11:51:49 MSK)" executed successfully
2026-06-05 11:51:25 [INFO] apscheduler.executors.default: Running job "Архивация выполненных задач (trigger: interval[0:05:00], next run at: 2026-06-05 11:56:25 MSK)" (scheduled at 2026-06-05 11:51:25.497532+03:00)
2026-06-05 11:51:25 [INFO] apscheduler.executors.default: Job "Архивация выполненных задач (trigger: interval[0:05:00], next run at: 2026-06-05 11:56:25 MSK)" executed successfully
2026-06-05 11:51:49 [INFO] apscheduler.executors.default: Running job "Архивация выполненных задач (trigger: interval[0:05:00], next run at: 2026-06-05 11:56:49 MSK)" (scheduled at 2026-06-05 11:51:49.279784+03:00)
2026-06-05 11:51:49 [INFO] apscheduler.executors.default: Job "Архивация выполненных задач (trigger: interval[0:05:00], next run at: 2026-06-05 11:56:49 MSK)" executed successfully
2026-06-05 11:56:25 [INFO] apscheduler.executors.default: Running job "Архивация выполненных задач (trigger: interval[0:05:00], next run at: 2026-06-05 12:01:25 MSK)" (scheduled at 2026-06-05 11:56:25.497532+03:00)
2026-06-05 11:56:25 [INFO] apscheduler.executors.default: Job "Архивация выполненных задач (trigger: interval[0:05:00], next run at: 2026-06-05 12:01:25 MSK)" executed successfully
2026-06-05 11:56:49 [INFO] apscheduler.executors.default: Running job "Архивация выполненных задач (trigger: interval[0:05:00], next run at: 2026-06-05 12:01:49 MSK)" (scheduled at 2026-06-05 11:56:49.279784+03:00)
2026-06-05 11:56:49 [INFO] apscheduler.executors.default: Job "Архивация выполненных задач (trigger: interval[0:05:00], next run at: 2026-06-05 12:01:49 MSK)" executed successfully
2026-06-05 12:01:25 [INFO] apscheduler.executors.default: Running job "Архивация выполненных задач (trigger: interval[0:05:00], next run at: 2026-06-05 12:06:25 MSK)" (scheduled at 2026-06-05 12:01:25.497532+03:00)
2026-06-05 12:01:25 [INFO] apscheduler.executors.default: Job "Архивация выполненных задач (trigger: interval[0:05:00], next run at: 2026-06-05 12:06:25 MSK)" executed successfully
2026-06-05 12:01:49 [INFO] apscheduler.executors.default: Running job "Архивация выполненных задач (trigger: interval[0:05:00], next run at: 2026-06-05 12:06:49 MSK)" (scheduled at 2026-06-05 12:01:49.279784+03:00)
2026-06-05 12:01:49 [INFO] apscheduler.executors.default: Job "Архивация выполненных задач (trigger: interval[0:05:00], next run at: 2026-06-05 12:06:49 MSK)" executed successfully
2026-06-05 12:06:25 [INFO] apscheduler.executors.default: Running job "Очистка старых загруженных файлов (trigger: interval[0:30:00], next run at: 2026-06-05 12:36:25 MSK)" (scheduled at 2026-06-05 12:06:25.496706+03:00)
2026-06-05 12:06:25 [INFO] apscheduler.executors.default: Running job "Архивация выполненных задач (trigger: interval[0:05:00], next run at: 2026-06-05 12:11:25 MSK)" (scheduled at 2026-06-05 12:06:25.497532+03:00)
2026-06-05 12:06:25 [INFO] apscheduler.executors.default: Job "Очистка старых загруженных файлов (trigger: interval[0:30:00], next run at: 2026-06-05 12:36:25 MSK)" executed successfully
2026-06-05 12:06:25 [INFO] apscheduler.executors.default: Job "Архивация выполненных задач (trigger: interval[0:05:00], next run at: 2026-06-05 12:11:25 MSK)" executed successfully
2026-06-05 12:06:49 [INFO] apscheduler.executors.default: Running job "Очистка старых загруженных файлов (trigger: interval[0:30:00], next run at: 2026-06-05 12:36:49 MSK)" (scheduled at 2026-06-05 12:06:49.279372+03:00)
2026-06-05 12:06:49 [INFO] apscheduler.executors.default: Running job "Архивация выполненных задач (trigger: interval[0:05:00], next run at: 2026-06-05 12:11:49 MSK)" (scheduled at 2026-06-05 12:06:49.279784+03:00)
2026-06-05 12:06:49 [INFO] apscheduler.executors.default: Job "Очистка старых загруженных файлов (trigger: interval[0:30:00], next run at: 2026-06-05 12:36:49 MSK)" executed successfully
2026-06-05 12:06:49 [INFO] apscheduler.executors.default: Job "Архивация выполненных задач (trigger: interval[0:05:00], next run at: 2026-06-05 12:11:49 MSK)" executed successfully
2026-06-05 12:11:25 [INFO] apscheduler.executors.default: Running job "Архивация выполненных задач (trigger: interval[0:05:00], next run at: 2026-06-05 12:16:25 MSK)" (scheduled at 2026-06-05 12:11:25.497532+03:00)
2026-06-05 12:11:25 [INFO] apscheduler.executors.default: Job "Архивация выполненных задач (trigger: interval[0:05:00], next run at: 2026-06-05 12:16:25 MSK)" executed successfully
2026-06-05 12:11:49 [INFO] apscheduler.executors.default: Running job "Архивация выполненных задач (trigger: interval[0:05:00], next run at: 2026-06-05 12:16:49 MSK)" (scheduled at 2026-06-05 12:11:49.279784+03:00)
2026-06-05 12:11:49 [INFO] apscheduler.executors.default: Job "Архивация выполненных задач (trigger: interval[0:05:00], next run at: 2026-06-05 12:16:49 MSK)" executed successfully
2026-06-05 12:16:25 [INFO] apscheduler.executors.default: Running job "Архивация выполненных задач (trigger: interval[0:05:00], next run at: 2026-06-05 12:21:25 MSK)" (scheduled at 2026-06-05 12:16:25.497532+03:00)
2026-06-05 12:16:25 [INFO] apscheduler.executors.default: Job "Архивация выполненных задач (trigger: interval[0:05:00], next run at: 2026-06-05 12:21:25 MSK)" executed successfully
2026-06-05 12:16:38 [INFO] src.updater: Проверка обновлений: https://api.github.com/repos/Dgigin/Personal-assistant/releases/latest
2026-06-05 12:16:38 [INFO] src.updater: Текущая версия 1.0.7 актуальна (последняя: 1.0.7)
2026-06-05 12:16:40 [INFO] src.auth: Пользователь Administratorushka вошёл в систему
2026-06-05 12:16:49 [INFO] apscheduler.executors.default: Running job "Архивация выполненных задач (trigger: interval[0:05:00], next run at: 2026-06-05 12:21:49 MSK)" (scheduled at 2026-06-05 12:16:49.279784+03:00)
2026-06-05 12:16:49 [INFO] apscheduler.executors.default: Job "Архивация выполненных задач (trigger: interval[0:05:00], next run at: 2026-06-05 12:21:49 MSK)" executed successfully
2026-06-05 12:21:25 [INFO] apscheduler.executors.default: Running job "Архивация выполненных задач (trigger: interval[0:05:00], next run at: 2026-06-05 12:26:25 MSK)" (scheduled at 2026-06-05 12:21:25.497532+03:00)
2026-06-05 12:21:25 [INFO] apscheduler.executors.default: Job "Архивация выполненных задач (trigger: interval[0:05:00], next run at: 2026-06-05 12:26:25 MSK)" executed successfully
2026-06-05 12:21:49 [INFO] apscheduler.executors.default: Running job "Архивация выполненных задач (trigger: interval[0:05:00], next run at: 2026-06-05 12:26:49 MSK)" (scheduled at 2026-06-05 12:21:49.279784+03:00)
2026-06-05 12:21:49 [INFO] apscheduler.executors.default: Job "Архивация выполненных задач (trigger: interval[0:05:00], next run at: 2026-06-05 12:26:49 MSK)" executed successfully
2026-06-05 12:26:25 [INFO] apscheduler.executors.default: Running job "Архивация выполненных задач (trigger: interval[0:05:00], next run at: 2026-06-05 12:31:25 MSK)" (scheduled at 2026-06-05 12:26:25.497532+03:00)
2026-06-05 12:26:25 [INFO] apscheduler.executors.default: Job "Архивация выполненных задач (trigger: interval[0:05:00], next run at: 2026-06-05 12:31:25 MSK)" executed successfully
2026-06-05 12:26:49 [INFO] apscheduler.executors.default: Running job "Архивация выполненных задач (trigger: interval[0:05:00], next run at: 2026-06-05 12:31:49 MSK)" (scheduled at 2026-06-05 12:26:49.279784+03:00)
2026-06-05 12:26:49 [INFO] apscheduler.executors.default: Job "Архивация выполненных задач (trigger: interval[0:05:00], next run at: 2026-06-05 12:31:49 MSK)" executed successfully
2026-06-05 12:31:25 [INFO] apscheduler.executors.default: Running job "Архивация выполненных задач (trigger: interval[0:05:00], next run at: 2026-06-05 12:36:25 MSK)" (scheduled at 2026-06-05 12:31:25.497532+03:00)
2026-06-05 12:31:25 [INFO] apscheduler.executors.default: Job "Архивация выполненных задач (trigger: interval[0:05:00], next run at: 2026-06-05 12:36:25 MSK)" executed successfully
2026-06-05 12:31:49 [INFO] apscheduler.executors.default: Running job "Архивация выполненных задач (trigger: interval[0:05:00], next run at: 2026-06-05 12:36:49 MSK)" (scheduled at 2026-06-05 12:31:49.279784+03:00)
2026-06-05 12:31:49 [INFO] apscheduler.executors.default: Job "Архивация выполненных задач (trigger: interval[0:05:00], next run at: 2026-06-05 12:36:49 MSK)" executed successfully
2026-06-05 12:36:25 [INFO] apscheduler.executors.default: Running job "Очистка старых загруженных файлов (trigger: interval[0:30:00], next run at: 2026-06-05 13:06:25 MSK)" (scheduled at 2026-06-05 12:36:25.496706+03:00)
2026-06-05 12:36:25 [INFO] apscheduler.executors.default: Running job "Архивация выполненных задач (trigger: interval[0:05:00], next run at: 2026-06-05 12:41:25 MSK)" (scheduled at 2026-06-05 12:36:25.497532+03:00)
2026-06-05 12:36:25 [INFO] apscheduler.executors.default: Job "Очистка старых загруженных файлов (trigger: interval[0:30:00], next run at: 2026-06-05 13:06:25 MSK)" executed successfully
2026-06-05 12:36:25 [INFO] apscheduler.executors.default: Job "Архивация выполненных задач (trigger: interval[0:05:00], next run at: 2026-06-05 12:41:25 MSK)" executed successfully
2026-06-05 12:36:49 [INFO] apscheduler.executors.default: Running job "Очистка старых загруженных файлов (trigger: interval[0:30:00], next run at: 2026-06-05 13:06:49 MSK)" (scheduled at 2026-06-05 12:36:49.279372+03:00)
2026-06-05 12:36:49 [INFO] apscheduler.executors.default: Running job "Архивация выполненных задач (trigger: interval[0:05:00], next run at: 2026-06-05 12:41:49 MSK)" (scheduled at 2026-06-05 12:36:49.279784+03:00)
2026-06-05 12:36:49 [INFO] apscheduler.executors.default: Job "Очистка старых загруженных файлов (trigger: interval[0:30:00], next run at: 2026-06-05 13:06:49 MSK)" executed successfully
2026-06-05 12:36:49 [INFO] apscheduler.executors.default: Job "Архивация выполненных задач (trigger: interval[0:05:00], next run at: 2026-06-05 12:41:49 MSK)" executed successfully
2026-06-05 12:41:25 [INFO] apscheduler.executors.default: Running job "Архивация выполненных задач (trigger: interval[0:05:00], next run at: 2026-06-05 12:46:25 MSK)" (scheduled at 2026-06-05 12:41:25.497532+03:00)
2026-06-05 12:41:25 [INFO] apscheduler.executors.default: Job "Архивация выполненных задач (trigger: interval[0:05:00], next run at: 2026-06-05 12:46:25 MSK)" executed successfully
2026-06-05 12:41:49 [INFO] apscheduler.executors.default: Running job "Архивация выполненных задач (trigger: interval[0:05:00], next run at: 2026-06-05 12:46:49 MSK)" (scheduled at 2026-06-05 12:41:49.279784+03:00)
2026-06-05 12:41:49 [INFO] apscheduler.executors.default: Job "Архивация выполненных задач (trigger: interval[0:05:00], next run at: 2026-06-05 12:46:49 MSK)" executed successfully
2026-06-05 12:46:25 [INFO] apscheduler.executors.default: Running job "Архивация выполненных задач (trigger: interval[0:05:00], next run at: 2026-06-05 12:51:25 MSK)" (scheduled at 2026-06-05 12:46:25.497532+03:00)
2026-06-05 12:46:25 [INFO] apscheduler.executors.default: Job "Архивация выполненных задач (trigger: interval[0:05:00], next run at: 2026-06-05 12:51:25 MSK)" executed successfully
2026-06-05 12:46:49 [INFO] apscheduler.executors.default: Running job "Архивация выполненных задач (trigger: interval[0:05:00], next run at: 2026-06-05 12:51:49 MSK)" (scheduled at 2026-06-05 12:46:49.279784+03:00)
2026-06-05 12:46:49 [INFO] apscheduler.executors.default: Job "Архивация выполненных задач (trigger: interval[0:05:00], next run at: 2026-06-05 12:51:49 MSK)" executed successfully
2026-06-05 12:48:51 [INFO] src.auth: Сессия истекла по таймауту неактивности (1877 сек > 1800 сек)
2026-06-05 12:48:55 [INFO] src.updater: Проверка обновлений: https://api.github.com/repos/Dgigin/Personal-assistant/releases/latest
2026-06-05 12:48:56 [INFO] src.updater: Текущая версия 1.0.7 актуальна (последняя: 1.0.7)
2026-06-05 12:48:56 [INFO] src.auth: Пользователь Administratorushka вошёл в систему
2026-06-05 12:51:49 [INFO] apscheduler.executors.default: Running job "Архивация выполненных задач (trigger: interval[0:05:00], next run at: 2026-06-05 12:56:49 MSK)" (scheduled at 2026-06-05 12:51:49.279784+03:00)
2026-06-05 12:51:49 [INFO] apscheduler.executors.default: Job "Архивация выполненных задач (trigger: interval[0:05:00], next run at: 2026-06-05 12:56:49 MSK)" executed successfully
2026-06-05 12:52:50 [WARNING] src.utils.file_utils: Не удалось удалить файл f:\excel_converter\uploads\temp_result_a05b055e03074ff3966f7ea6d523f967.xlsx: [WinError 32] Процесс не может получить доступ к файлу, так как этот файл занят другим процессом: 'f:\\excel_converter\\uploads\\temp_result_a05b055e03074ff3966f7ea6d523f967.xlsx'
2026-06-05 12:55:29 [WARNING] src.utils.file_utils: Не удалось удалить файл f:\excel_converter\uploads\temp_result_43d693feb0cb43deb3f995b9d71952a3.xlsx: [WinError 32] Процесс не может получить доступ к файлу, так как этот файл занят другим процессом: 'f:\\excel_converter\\uploads\\temp_result_43d693feb0cb43deb3f995b9d71952a3.xlsx'
2026-06-05 12:56:49 [INFO] apscheduler.executors.default: Running job "Архивация выполненных задач (trigger: interval[0:05:00], next run at: 2026-06-05 13:01:49 MSK)" (scheduled at 2026-06-05 12:56:49.279784+03:00)
2026-06-05 12:56:49 [INFO] apscheduler.executors.default: Job "Архивация выполненных задач (trigger: interval[0:05:00], next run at: 2026-06-05 13:01:49 MSK)" executed successfully
2026-06-05 13:01:49 [INFO] apscheduler.executors.default: Running job "Архивация выполненных задач (trigger: interval[0:05:00], next run at: 2026-06-05 13:06:49 MSK)" (scheduled at 2026-06-05 13:01:49.279784+03:00)
2026-06-05 13:01:49 [INFO] apscheduler.executors.default: Job "Архивация выполненных задач (trigger: interval[0:05:00], next run at: 2026-06-05 13:06:49 MSK)" executed successfully
2026-06-05 13:06:49 [INFO] apscheduler.executors.default: Running job "Очистка старых загруженных файлов (trigger: interval[0:30:00], next run at: 2026-06-05 13:36:49 MSK)" (scheduled at 2026-06-05 13:06:49.279372+03:00)
2026-06-05 13:06:49 [INFO] apscheduler.executors.default: Running job "Архивация выполненных задач (trigger: interval[0:05:00], next run at: 2026-06-05 13:11:49 MSK)" (scheduled at 2026-06-05 13:06:49.279784+03:00)
2026-06-05 13:06:49 [INFO] apscheduler.executors.default: Job "Очистка старых загруженных файлов (trigger: interval[0:30:00], next run at: 2026-06-05 13:36:49 MSK)" executed successfully
2026-06-05 13:06:49 [INFO] apscheduler.executors.default: Job "Архивация выполненных задач (trigger: interval[0:05:00], next run at: 2026-06-05 13:11:49 MSK)" executed successfully
2026-06-05 13:11:49 [INFO] apscheduler.executors.default: Running job "Архивация выполненных задач (trigger: interval[0:05:00], next run at: 2026-06-05 13:16:49 MSK)" (scheduled at 2026-06-05 13:11:49.279784+03:00)
2026-06-05 13:11:49 [INFO] apscheduler.executors.default: Job "Архивация выполненных задач (trigger: interval[0:05:00], next run at: 2026-06-05 13:16:49 MSK)" executed successfully
2026-06-05 13:15:31 [INFO] src.scheduler: Очищены файлы сессий при старте приложения
2026-06-05 13:15:31 [INFO] app: Аутентификация включена
2026-06-05 13:15:31 [INFO] apscheduler.scheduler: Adding job tentatively -- it will be properly scheduled when the scheduler starts
2026-06-05 13:15:31 [INFO] src.scheduler: Планировщик очистки uploads запущен: каждые 1800 сек
2026-06-05 13:15:31 [INFO] apscheduler.scheduler: Adding job tentatively -- it will be properly scheduled when the scheduler starts
2026-06-05 13:15:31 [INFO] src.scheduler: Планировщик архивации задач запущен: каждые 300 сек
2026-06-05 13:15:31 [INFO] apscheduler.scheduler: Adding job tentatively -- it will be properly scheduled when the scheduler starts
2026-06-05 13:15:31 [INFO] src.scheduler: Планировщик очистки сессий запущен: каждые 6 часов, удалять старше 7 дней
2026-06-05 13:15:31 [INFO] apscheduler.scheduler: Added job "Очистка старых загруженных файлов" to job store "default"
2026-06-05 13:15:31 [INFO] apscheduler.scheduler: Added job "Архивация выполненных задач" to job store "default"
2026-06-05 13:15:31 [INFO] apscheduler.scheduler: Added job "Очистка устаревших файлов сессий" to job store "default"
2026-06-05 13:15:31 [INFO] apscheduler.scheduler: Scheduler started
2026-06-05 13:15:31 [INFO] waitress: Serving on http://0.0.0.0:5000
2026-06-05 13:15:42 [INFO] src.updater: Проверка обновлений: https://api.github.com/repos/Dgigin/Personal-assistant/releases/latest
2026-06-05 13:15:42 [INFO] src.updater: Текущая версия 1.0.7 актуальна (последняя: 1.0.7)
2026-06-05 13:15:43 [INFO] src.auth: Пользователь Administratorushka вошёл в систему
2026-06-05 13:16:49 [INFO] apscheduler.executors.default: Running job "Архивация выполненных задач (trigger: interval[0:05:00], next run at: 2026-06-05 13:21:49 MSK)" (scheduled at 2026-06-05 13:16:49.279784+03:00)
2026-06-05 13:16:49 [INFO] apscheduler.executors.default: Job "Архивация выполненных задач (trigger: interval[0:05:00], next run at: 2026-06-05 13:21:49 MSK)" executed successfully
2026-06-05 13:20:31 [INFO] apscheduler.executors.default: Running job "Архивация выполненных задач (trigger: interval[0:05:00], next run at: 2026-06-05 13:20:31 MSK)" (scheduled at 2026-06-05 13:20:31.311641+03:00)
2026-06-05 13:20:31 [INFO] apscheduler.executors.default: Job "Архивация выполненных задач (trigger: interval[0:05:00], next run at: 2026-06-05 13:25:31 MSK)" executed successfully
2026-06-05 13:21:49 [INFO] apscheduler.executors.default: Running job "Архивация выполненных задач (trigger: interval[0:05:00], next run at: 2026-06-05 13:26:49 MSK)" (scheduled at 2026-06-05 13:21:49.279784+03:00)
2026-06-05 13:21:49 [INFO] apscheduler.executors.default: Job "Архивация выполненных задач (trigger: interval[0:05:00], next run at: 2026-06-05 13:26:49 MSK)" executed successfully
2026-06-05 13:25:31 [INFO] apscheduler.executors.default: Running job "Архивация выполненных задач (trigger: interval[0:05:00], next run at: 2026-06-05 13:30:31 MSK)" (scheduled at 2026-06-05 13:25:31.311641+03:00)
2026-06-05 13:25:31 [INFO] apscheduler.executors.default: Job "Архивация выполненных задач (trigger: interval[0:05:00], next run at: 2026-06-05 13:30:31 MSK)" executed successfully
2026-06-05 13:26:49 [INFO] apscheduler.executors.default: Running job "Архивация выполненных задач (trigger: interval[0:05:00], next run at: 2026-06-05 13:31:49 MSK)" (scheduled at 2026-06-05 13:26:49.279784+03:00)
2026-06-05 13:26:49 [INFO] apscheduler.executors.default: Job "Архивация выполненных задач (trigger: interval[0:05:00], next run at: 2026-06-05 13:31:49 MSK)" executed successfully
2026-06-05 13:31:49 [INFO] apscheduler.executors.default: Running job "Архивация выполненных задач (trigger: interval[0:05:00], next run at: 2026-06-05 13:36:49 MSK)" (scheduled at 2026-06-05 13:31:49.279784+03:00)
2026-06-05 13:31:49 [INFO] apscheduler.executors.default: Job "Архивация выполненных задач (trigger: interval[0:05:00], next run at: 2026-06-05 13:36:49 MSK)" executed successfully
2026-06-05 13:36:49 [INFO] apscheduler.executors.default: Running job "Очистка старых загруженных файлов (trigger: interval[0:30:00], next run at: 2026-06-05 14:06:49 MSK)" (scheduled at 2026-06-05 13:36:49.279372+03:00)
2026-06-05 13:36:49 [INFO] apscheduler.executors.default: Running job "Архивация выполненных задач (trigger: interval[0:05:00], next run at: 2026-06-05 13:41:49 MSK)" (scheduled at 2026-06-05 13:36:49.279784+03:00)
2026-06-05 13:36:49 [INFO] apscheduler.executors.default: Job "Очистка старых загруженных файлов (trigger: interval[0:30:00], next run at: 2026-06-05 14:06:49 MSK)" executed successfully
2026-06-05 13:36:49 [INFO] apscheduler.executors.default: Job "Архивация выполненных задач (trigger: interval[0:05:00], next run at: 2026-06-05 13:41:49 MSK)" executed successfully
2026-06-05 13:41:49 [INFO] apscheduler.executors.default: Running job "Архивация выполненных задач (trigger: interval[0:05:00], next run at: 2026-06-05 13:46:49 MSK)" (scheduled at 2026-06-05 13:41:49.279784+03:00)
2026-06-05 13:41:49 [INFO] apscheduler.executors.default: Job "Архивация выполненных задач (trigger: interval[0:05:00], next run at: 2026-06-05 13:46:49 MSK)" executed successfully
2026-06-05 13:46:49 [INFO] apscheduler.executors.default: Running job "Архивация выполненных задач (trigger: interval[0:05:00], next run at: 2026-06-05 13:51:49 MSK)" (scheduled at 2026-06-05 13:46:49.279784+03:00)
2026-06-05 13:46:49 [INFO] apscheduler.executors.default: Job "Архивация выполненных задач (trigger: interval[0:05:00], next run at: 2026-06-05 13:51:49 MSK)" executed successfully
2026-06-05 13:51:49 [INFO] apscheduler.executors.default: Running job "Архивация выполненных задач (trigger: interval[0:05:00], next run at: 2026-06-05 13:56:49 MSK)" (scheduled at 2026-06-05 13:51:49.279784+03:00)
2026-06-05 13:51:49 [INFO] apscheduler.executors.default: Job "Архивация выполненных задач (trigger: interval[0:05:00], next run at: 2026-06-05 13:56:49 MSK)" executed successfully
2026-06-05 13:56:08 [INFO] __main__: Сессия истекла по таймауту неактивности (keepalive, 2079 сек > 1800 сек)
2026-06-05 13:56:08 [WARNING] root: Exception raised while handling cache file 'f:\excel_converter\flask_session\96d27409915a70e06c23f94dee2c2623'
Traceback (most recent call last):
  File "C:\Users\zhizhin\AppData\Local\Python\pythoncore-3.14-64\Lib\site-packages\cachelib\file.py", line 268, in set
    self._run_safely(os.chmod, filename, self._mode)
    ~~~~~~~~~~~~~~~~^^^^^^^^^^^^^^^^^^^^^^^^^^^^^^^^
  File "C:\Users\zhizhin\AppData\Local\Python\pythoncore-3.14-64\Lib\site-packages\cachelib\file.py", line 331, in _run_safely
    output = fn(*args, **kwargs)
FileNotFoundError: [WinError 2] Не удается найти указанный файл: 'f:\\excel_converter\\flask_session\\96d27409915a70e06c23f94dee2c2623'
2026-06-05 13:56:49 [INFO] apscheduler.executors.default: Running job "Архивация выполненных задач (trigger: interval[0:05:00], next run at: 2026-06-05 14:01:49 MSK)" (scheduled at 2026-06-05 13:56:49.279784+03:00)
2026-06-05 13:56:49 [INFO] apscheduler.executors.default: Job "Архивация выполненных задач (trigger: interval[0:05:00], next run at: 2026-06-05 14:01:49 MSK)" executed successfully
2026-06-05 14:00:10 [INFO] src.scheduler: Очищены файлы сессий при старте приложения
2026-06-05 14:00:10 [INFO] app: Аутентификация включена
2026-06-05 14:00:11 [INFO] apscheduler.scheduler: Adding job tentatively -- it will be properly scheduled when the scheduler starts
2026-06-05 14:00:11 [INFO] src.scheduler: Планировщик очистки uploads запущен: каждые 1800 сек
2026-06-05 14:00:11 [INFO] apscheduler.scheduler: Adding job tentatively -- it will be properly scheduled when the scheduler starts
2026-06-05 14:00:11 [INFO] src.scheduler: Планировщик архивации задач запущен: каждые 300 сек
2026-06-05 14:00:11 [INFO] apscheduler.scheduler: Adding job tentatively -- it will be properly scheduled when the scheduler starts
2026-06-05 14:00:11 [INFO] src.scheduler: Планировщик очистки сессий запущен: каждые 6 часов, удалять старше 7 дней
2026-06-05 14:00:11 [INFO] apscheduler.scheduler: Added job "Очистка старых загруженных файлов" to job store "default"
2026-06-05 14:00:11 [INFO] apscheduler.scheduler: Added job "Архивация выполненных задач" to job store "default"
2026-06-05 14:00:11 [INFO] apscheduler.scheduler: Added job "Очистка устаревших файлов сессий" to job store "default"
2026-06-05 14:00:11 [INFO] apscheduler.scheduler: Scheduler started
2026-06-05 14:00:11 [INFO] waitress: Serving on http://0.0.0.0:5000
2026-06-05 14:01:49 [INFO] apscheduler.executors.default: Running job "Архивация выполненных задач (trigger: interval[0:05:00], next run at: 2026-06-05 14:06:49 MSK)" (scheduled at 2026-06-05 14:01:49.279784+03:00)
2026-06-05 14:01:49 [INFO] apscheduler.executors.default: Job "Архивация выполненных задач (trigger: interval[0:05:00], next run at: 2026-06-05 14:06:49 MSK)" executed successfully
2026-06-05 14:05:11 [INFO] apscheduler.executors.default: Running job "Архивация выполненных задач (trigger: interval[0:05:00], next run at: 2026-06-05 14:05:11 MSK)" (scheduled at 2026-06-05 14:05:11.056688+03:00)
2026-06-05 14:05:11 [INFO] apscheduler.executors.default: Job "Архивация выполненных задач (trigger: interval[0:05:00], next run at: 2026-06-05 14:10:11 MSK)" executed successfully
2026-06-05 14:06:49 [INFO] apscheduler.executors.default: Running job "Очистка старых загруженных файлов (trigger: interval[0:30:00], next run at: 2026-06-05 14:36:49 MSK)" (scheduled at 2026-06-05 14:06:49.279372+03:00)
2026-06-05 14:06:49 [INFO] apscheduler.executors.default: Running job "Архивация выполненных задач (trigger: interval[0:05:00], next run at: 2026-06-05 14:11:49 MSK)" (scheduled at 2026-06-05 14:06:49.279784+03:00)
2026-06-05 14:06:49 [INFO] apscheduler.executors.default: Job "Очистка старых загруженных файлов (trigger: interval[0:30:00], next run at: 2026-06-05 14:36:49 MSK)" executed successfully
2026-06-05 14:06:49 [INFO] apscheduler.executors.default: Job "Архивация выполненных задач (trigger: interval[0:05:00], next run at: 2026-06-05 14:11:49 MSK)" executed successfully
